Num,Id,Name,Gender,Birthday,Age,Address
0,d81baf38-0087-4517-89bf-02fe4db1d2dc,한연윤,남자,2001-11-20,31,1321 울산시 송파구 51길 
1,3360f185-b110-4074-bf36-b6efd8741eec,최승도,여자,1984-6-28,18,4745 인천시 강서구 37길 
2,8ca1b47d-0c8f-46da-81ec-f9013b86e4c0,임훈찬,남자,2008-2-13,27,9150 울산시 양천구 74길 
3,c3c32b28-55d5-449d-a41d-36d35e4d8bb1,김준현,여자,1983-4-24,29,7624 대구시 종로구 29길 
4,086a7857-4dc0-4a07-bad7-08442aabb6eb,김하원,남자,1987-2-15,32,634 대구시 종로구 96길 
5,a5c3341f-471e-4455-9d23-585c54500aaa,장우윤,여자,1999-11-9,14,5716 세종시 서초구 80길 
6,d799c8bb-0be9-4ef9-8358-66ed771e4ab9,한재진,여자,1986-8-15,27,9292 인천시 성동구 73길 
7,9b4dfb2c-7a87-4c11-a0de-e99a02864e2e,임건환,남자,1987-12-29,18,9033 울산시 용산구 13길 
8,1be20de8-3e1a-46ba-820b-ba10cb2357b5,박시찬,남자,1991-11-8,43,5226 세종시 마포구 61길 
9,5b15fe29-5e22-4879-933d-647276fb726e,윤수예,여자,2001-10-21,24,6611 부산시 송파구 30길 
10,b6d96cd7-7480-4a1f-aea3-0b9b48d62f7e,박준시,남자,1992-10-12,19,2546 인천시 노원구 18길 
11,46dd0fc3-a39e-4170-b01e-6c6a710144e1,윤환연,남자,2002-11-16,34,5500 대구시 강동구 62길 
12,88c5f31e-0069-4ead-b9ba-6a045e204eec,한우은,여자,1983-3-3,42,7784 광주시 강서구 39길 
13,1915a07d-25ef-4515-9092-7c8c85f1d0aa,박은훈,여자,2005-3-30,15,1603 대구시 도봉구 13길 
14,4a89a915-9a3f-4a03-973e-0f6e96600632,박지현,남자,1998-5-23,36,7976 부산시 구로구 46길 
15,dcff52be-af77-4289-9fbb-14fc2b44bfdf,정주윤,여자,1996-4-3,41,3784 인천시 강서구 75길 
16,ad8c89a1-4f97-4360-a774-c865b0dabe7d,장수찬,여자,1986-3-24,31,5459 서울시 노원구 88길 
17,ccc1787b-cd3e-4cbd-8b28-1dfb363314e7,임원지,남자,1987-6-19,40,2759 세종시 관악구 97길 
18,b59192f3-c1bc-47f0-9d08-30a48e38f365,김현주,남자,1998-4-5,18,6173 대구시 중랑구 72길 
19,c90cc8e3-cd6d-4065-9948-eaf0dfe3487d,최수연,여자,1992-4-8,39,4962 광주시 동작구 64길 
20,b2998dc6-93f8-435a-afb6-6daab3656784,장건서,여자,2001-12-29,42,5761 세종시 용산구 45길 
21,695fc386-4a9c-4149-a355-b615a61dc0fe,최환현,남자,1994-5-9,22,4387 세종시 중구 45길 
22,cedeb245-f779-41f5-9bc5-5a9d65a3205b,이현호,남자,1982-4-13,24,1685 부산시 서초구 92길 
23,796850df-52e1-4054-a08a-c47289e90080,이후서,여자,2006-4-1,20,2281 대전시 관악구 40길 
24,d5ba0b6e-2487-405a-954a-6f46b75c5137,최연서,여자,1987-10-11,23,9450 세종시 동작구 36길 
25,7d020699-af53-4849-b91e-a4873aadfa52,강환유,남자,1990-6-24,14,500 세종시 강남구 33길 
26,9e79a407-d855-4f9e-8d6c-baedbbc32d65,최은준,여자,1984-6-18,35,4782 인천시 동대문구 87길 
27,775060b1-1e1b-4ebc-8ccf-2ebd16e99df6,한진효,여자,2005-3-5,39,6584 광주시 구로구 95길 
28,0c28bb34-c606-4abd-88b2-2e0f5a623c38,조현건,여자,1991-2-15,26,7220 울산시 강동구 99길 
29,0928b6d4-4266-40fb-8fed-e8130ea05ff9,장도연,남자,2001-4-30,17,6907 광주시 양천구 66길 
30,e8b2c013-5a91-4fe2-82d6-4a754f9126e3,한리지,남자,1982-8-30,18,2524 대구시 서대문구 96길 
31,b0c3c1f8-6b65-4b6a-9bde-56156e1177ae,이지효,남자,1983-1-14,35,9667 울산시 양천구 64길 
32,6fabcc79-d884-42c7-a8f7-eab39662f05d,장진우,남자,2002-7-5,28,4755 울산시 종로구 90길 
33,d3b47a53-e2e8-4bed-88fe-18082d1f52ec,한건민,여자,1997-8-9,19,650 서울시 은평구 34길 
34,a862d0b5-d651-47b8-9060-2a2b01d2d0ab,윤우환,남자,1981-8-4,41,3813 인천시 양천구 6길 
35,4d44856e-da1f-42a0-a916-851cab7a2bb1,조현효,여자,2009-6-21,28,8563 부산시 중구 27길 
36,1854a599-73b2-442c-9dd6-1e61525c117b,정찬후,남자,1989-12-17,18,1419 인천시 중구 18길 
37,eebbde08-c0ac-4304-a1b5-3d05f71d2fe7,임환주,여자,1995-5-25,16,2541 울산시 강서구 7길 
38,200937de-6d73-4cda-a085-3c453b471442,이도현,남자,1997-9-22,26,8382 울산시 관악구 86길 
39,1d62213c-71aa-4c21-931d-84337bd3315d,박예준,여자,2008-4-4,32,9873 인천시 관악구 76길 
40,e7760813-364d-455c-bbce-56515b2bcab7,이호시,남자,1981-3-1,17,1228 인천시 은평구 95길 
41,4549f8ff-4a1e-4a34-b62a-887f004536a3,윤우하,남자,2006-10-10,43,2289 대구시 영등포구 47길 
42,12d9b54e-df62-44ac-9351-bf7770e347f2,장훈수,여자,1994-8-11,25,572 울산시 서대문구 29길 
43,6e43faff-3ce9-4f65-abde-c903de41d153,장찬연,남자,1986-1-4,28,4043 세종시 서대문구 91길 
44,880a44aa-9225-4e93-976a-ff25d50fd90d,강지호,남자,1999-11-6,14,6984 세종시 양천구 49길 
45,095c4310-051f-419f-99e4-06865b73f4ab,임유유,여자,2001-12-30,19,5973 광주시 종로구 78길 
46,f5aa6c5c-5b41-4251-96b9-9afadf2d1374,최윤효,여자,1998-4-17,27,3215 대전시 양천구 46길 
47,2aeead62-2c92-4596-97e1-8e169f3940e0,윤효예,남자,1988-1-29,42,3654 대구시 강동구 35길 
48,4f97c64f-a928-4ed5-8226-07a4360e8e2a,윤찬원,남자,1980-2-20,32,1333 대구시 양천구 40길 
49,d1a3b5e8-d9fc-43a6-bf0d-cfc094a44ac5,윤주연,여자,1990-6-13,31,4754 세종시 구로구 67길 
50,e6cfcab9-1391-4c8d-8a07-623d33d84332,장환하,남자,2003-7-27,26,9490 대구시 성북구 11길 
51,98e1971a-7913-48a2-a0da-7e01b3c86d25,김갑지,여자,2004-6-22,20,3596 부산시 강북구 50길 
52,fe599ab3-1463-4227-9a49-33cea7ba6468,최훈훈,여자,1995-11-25,25,5983 세종시 성북구 41길 
53,9aa4060d-dc2b-4c1f-bd3b-a919b289e7ab,정찬서,남자,1981-10-12,15,9900 서울시 용산구 18길 
54,f244cf2c-9272-4318-bba4-ccedc3599626,강혁훈,여자,1998-7-19,40,1696 서울시 관악구 33길 
55,720b22f3-9ef5-4222-9907-e98d73ac5e1e,박리윤,남자,1985-9-30,36,7858 대전시 동대문구 36길 
56,d6f55a1c-51f4-4f00-bc2f-e2cd14f1fd18,윤준우,여자,1986-11-18,43,8289 광주시 노원구 41길 
57,d23a3ed6-0238-48a4-8cd6-2afe71618613,강혁서,여자,1980-2-9,43,2783 세종시 마포구 82길 
58,1e06802a-e4e5-4275-9030-78a23d319ce8,박후은,남자,2005-6-3,40,4862 광주시 금천구 1길 
59,0fa4438b-6627-4956-9f72-e484fd2f1c16,임환우,남자,1983-9-30,22,8847 광주시 관악구 74길 
60,5207e904-9296-4c23-929a-5e442b214a33,김예서,남자,1992-6-5,27,2477 광주시 성동구 39길 
61,48dfb023-2ec4-4e7a-b4c8-97252082d35f,최준준,여자,2001-2-9,32,292 광주시 광진구 78길 
62,24113799-2e0d-4012-b53a-c4cb75607ea3,강하건,여자,1998-10-19,15,4171 대전시 금천구 21길 
63,88a50dd1-1c87-4bd4-bf36-283e330e1800,정훈예,여자,2007-11-17,40,5011 세종시 도봉구 34길 
64,2a1ee462-1276-43fb-8fdf-bb0216499062,김훈지,남자,1982-12-31,39,2361 서울시 도봉구 95길 
65,e69fad59-db1e-40bc-96c6-7685447bf2f5,강민주,남자,1997-6-23,19,9569 세종시 관악구 89길 
66,d6a49bdf-5ce0-4611-b909-6839229a33c8,최민효,여자,1982-9-14,36,527 대구시 금천구 53길 
67,6bb8800b-49a3-4cff-876e-6f9d608a68c3,이승건,남자,1996-11-21,17,5915 대전시 마포구 11길 
68,fa95b5b6-76a7-4962-aa0b-2e083283dd0c,박지연,남자,2004-4-10,43,5620 대구시 노원구 9길 
69,4d29a4a5-8e4a-4971-8d0d-4155bb6f743d,조건환,여자,1996-9-8,28,6054 광주시 강북구 33길 
70,9a8f8af7-b1f9-4f82-9427-64c26bbe7d10,정민시,남자,1986-10-21,36,3207 서울시 도봉구 20길 
71,055806c3-6027-45ef-b5ad-bc1a31444fcf,한재찬,여자,1987-11-28,31,7927 부산시 용산구 56길 
72,82aa7a08-d45a-4798-9231-93b8cbd3d23b,이민우,여자,1984-11-18,33,2842 대전시 성북구 72길 
73,948f0a2e-8ad7-400a-b2cc-28b6a84a709a,윤서준,여자,2001-1-23,22,7248 대구시 은평구 14길 
74,355a9e6e-3132-4e0c-b74c-1869ebc92927,한갑시,여자,1994-12-6,35,3885 세종시 중구 24길 
75,8e3a19ff-783e-483e-b04a-a9987b540771,한시준,여자,2005-2-1,33,1445 서울시 구로구 47길 
76,889bc31b-3daa-4347-aec8-d3294e0c4143,장후민,여자,2006-1-18,36,4743 인천시 서대문구 26길 
77,ee0418a2-765d-4ba6-9480-7992f8e5de7d,이민주,여자,1992-8-7,23,5981 광주시 은평구 28길 
78,8bde44e9-aa71-4210-abc8-14f1693f9983,장하환,여자,1987-9-9,38,5722 인천시 노원구 56길 
79,fae25ef8-e33c-4426-bf89-04612df4acfc,장현후,여자,2005-7-2,17,1492 대전시 영등포구 73길 
80,a0751ce0-e433-4c5c-ae3a-5c98ca674dff,김민찬,남자,2001-6-30,31,4424 울산시 은평구 88길 
81,ecbaa313-dcc9-4a5a-93ff-374185c7c13a,윤예준,여자,1985-6-17,22,666 인천시 광진구 93길 
82,2d7957e3-550a-46cb-9e02-7db15bd64ffd,박갑하,남자,2005-7-22,43,2632 울산시 구로구 98길 
83,0361de8f-53b4-4d74-96e3-8d80401da39e,장후현,남자,2004-12-30,16,7023 광주시 관악구 27길 
84,2ddb4c3f-e98a-4561-bc20-cf62944b7d58,윤도리,남자,2005-12-7,22,7869 광주시 강동구 95길 
85,c0e3bb60-8b69-4a35-91ae-16f314d9305a,박승은,여자,2003-4-11,18,682 울산시 구로구 16길 
86,5349674c-5a07-4ed2-af13-0f299a121cc8,박진서,여자,1990-11-2,22,5960 광주시 중랑구 29길 
87,b26a07f4-04b4-4819-b721-c37987f7930f,한시진,남자,1995-11-27,31,2140 인천시 은평구 80길 
88,e3ad5393-084f-4a2e-a4d8-a3c64581133c,조환호,여자,1998-4-14,38,7338 세종시 중구 74길 
89,6c8cdf39-591d-42cf-b3dc-4ec3fb456c24,정재환,여자,1992-2-4,31,3968 울산시 서대문구 36길 
90,beeec834-b177-4c6b-bacb-d641ec2349da,한재준,남자,1985-10-23,27,571 울산시 영등포구 26길 
91,9ccf1864-3be4-4559-8559-2c3b44d00528,이수재,남자,1983-8-12,18,9635 대구시 도봉구 80길 
92,06d0a724-6b65-4e26-b8ad-3270d6379733,정선리,남자,1989-1-17,16,3702 세종시 성동구 68길 
93,73638d44-3a48-4ecc-aa1d-15f664d19970,임주현,여자,1990-5-27,37,9332 대구시 은평구 83길 
94,dd715eb3-840b-41f3-a83c-15533080a1a2,최찬호,여자,1982-11-5,29,2313 서울시 양천구 78길 
95,63fd5cd3-0764-44b3-8999-e59eaaa3add5,장은도,여자,1998-9-2,28,8640 부산시 용산구 11길 
96,7990898e-45ae-4988-92f9-c8ab81319094,한효호,여자,1981-6-6,27,224 인천시 송파구 59길 
97,13cef8af-1652-4252-b472-8f197c001783,정찬갑,여자,1996-6-14,28,5414 세종시 도봉구 24길 
98,742ab932-1729-42da-9a50-f2a7a549a84f,이도승,여자,1988-6-8,33,1531 광주시 관악구 22길 
99,3fef7654-3a41-47c4-8730-8ba5ebb96e82,박원지,남자,1997-2-20,42,612 세종시 구로구 84길 
100,f38b105c-ff1f-4ea1-97cb-4af4e60a3303,조서건,남자,2000-12-8,22,6693 대전시 성북구 10길 
101,0d74ab57-8169-4653-baec-85876dfaf394,이유서,남자,2000-8-11,38,1900 인천시 은평구 42길 
102,5e62e50f-355c-4b6e-bb83-7537bf5a1968,박준효,여자,1996-9-11,29,4283 울산시 마포구 59길 
103,b4385f86-6a81-4c30-9de0-7f7ef201cdbc,윤갑도,남자,1984-4-7,30,9768 인천시 강북구 29길 
104,a2149768-88ef-470f-84bc-00d41ce55261,한승윤,남자,2000-6-5,18,7291 서울시 서대문구 18길 
105,246edcdb-27e5-41f6-ae19-b0244cf0f449,임혁건,여자,1984-10-30,40,8247 인천시 종로구 34길 
106,cab13c04-bf7b-4260-9208-145640d9c566,강후진,남자,1996-1-3,33,174 세종시 도봉구 71길 
107,beb90081-0579-4fae-8bc1-ffcd42173ece,윤건준,여자,2009-1-11,29,197 인천시 은평구 29길 
108,282ac3c7-33c6-4840-99a1-a419b0a1d0cb,윤환은,남자,1988-8-22,35,5709 대구시 강남구 6길 
109,e6278aca-289d-4c66-a2a1-24191e5677b6,장준갑,남자,1985-12-11,15,6271 부산시 송파구 60길 
110,a2d0dcd6-41f6-4558-a300-00893e0218b8,윤건건,여자,2003-5-28,39,6099 인천시 은평구 39길 
111,6c2c83d3-badd-4150-9458-b5741186936c,윤진도,남자,1994-4-1,21,8862 대구시 마포구 21길 
112,3c6c5822-c531-48a3-ac81-573e0baa2d90,조훈준,여자,1998-7-23,38,8367 부산시 은평구 69길 
113,65f7d7c0-3331-434d-9956-f73227b2ee2b,장현준,남자,1989-1-10,30,273 광주시 성북구 1길 
114,9de3784b-3dcc-4f86-b2bb-21e518162f80,윤지민,남자,2006-9-27,39,2070 대전시 중랑구 76길 
115,6024a086-76af-4116-8604-ba3c1728cadc,임호주,남자,1990-5-15,22,759 광주시 중구 94길 
116,08ceed18-4dc5-4e66-8e8c-52670d00a160,임호예,남자,1999-4-19,20,3890 부산시 영등포구 19길 
117,14c28287-2499-4fcc-80ae-a4120e0256d6,장환준,여자,2001-9-8,15,2397 대구시 서초구 80길 
118,ac7483ea-fb22-4ede-b833-cbee519613f2,최준환,남자,1997-7-14,29,7600 부산시 성북구 28길 
119,cadb3abd-d591-4788-a624-9d4e22aa3ef4,강찬진,남자,2001-4-27,14,1079 대구시 용산구 82길 
120,f7172d85-7298-4eb5-a308-bb07080baa1f,정연지,남자,1990-9-6,25,4402 서울시 서대문구 1길 
121,4fb064b1-ed60-45a0-8ac0-9c456b91b5b3,최호지,여자,1992-3-23,31,4003 대구시 금천구 18길 
122,b8bca3b5-b8e0-40cc-bcb4-2babfda297ad,최혁환,남자,2002-3-5,15,1451 인천시 송파구 79길 
123,96aa5221-cc8a-44bc-89e6-769088ee116a,한찬주,여자,2002-6-22,28,6516 울산시 강서구 61길 
124,1f6ebb95-a2f4-45e4-b249-b7de3359c366,임유효,여자,1995-6-24,16,8861 대전시 강동구 78길 
125,efe4f582-d4f9-495f-b2e8-3956ff5197b2,최우환,여자,2004-5-16,23,7912 부산시 도봉구 68길 
126,9eeca5a9-ea69-4139-990d-107c4de405c1,강하갑,여자,2007-11-19,43,813 세종시 강북구 93길 
127,d43b3726-7786-4ecf-bab7-a55b411e170b,윤서리,남자,2008-3-13,20,8123 세종시 서대문구 16길 
128,43a922d1-3d52-43fa-9307-9a8f41a1b452,조서호,여자,2002-10-17,29,1843 대전시 광진구 79길 
129,155c2ff1-7f30-45a7-bf9b-5afddd96ebb4,김혁원,남자,1993-9-24,26,9375 세종시 동대문구 46길 
130,41bfa481-a6b9-41b1-881b-44a937f5dcb6,이훈수,남자,1985-4-19,34,677 울산시 송파구 35길 
131,6c6bc645-a16c-4209-90e2-12351f3a6f7d,장지승,남자,2004-7-12,19,2989 부산시 영등포구 75길 
132,85abf991-78ed-4b87-963f-f337bcd10626,박후우,여자,1984-11-20,19,1302 부산시 도봉구 1길 
133,0f0a49ae-dd65-4860-9cae-05d9777e661d,김민민,여자,1980-6-13,32,1098 세종시 강남구 25길 
134,d8332ac6-891e-4209-ac3d-9e7825b11d4a,장훈진,남자,1981-10-3,31,8393 서울시 송파구 57길 
135,83b9db14-df89-4874-88bb-9993d49484d1,박하민,남자,1989-12-6,23,4972 세종시 동작구 19길 
136,501392ef-b151-4eb7-a1c0-4a18b873b7b7,윤갑수,남자,1981-1-20,25,8440 대구시 송파구 45길 
137,48663f13-9e53-484f-8df6-6a4258363d20,이원시,남자,1990-10-14,34,6053 울산시 송파구 76길 
138,c327f159-b6e6-4d93-ada5-397456385530,임현갑,남자,2000-3-22,38,6447 인천시 양천구 53길 
139,506b693b-193d-49b2-8654-46dd4c450b79,최현민,여자,1983-10-9,31,4705 대전시 구로구 55길 
140,2b816762-6d61-49bc-bbb3-b927bebabbfd,이은서,남자,1986-10-27,27,1328 서울시 동작구 11길 
141,13b7f23b-2baa-45ed-bb38-5697db77afd2,조훈연,여자,1985-8-27,20,5813 인천시 강서구 86길 
142,f071b5df-620f-40d7-8c03-83149d6cb6eb,정주준,여자,1992-2-8,29,5909 대전시 금천구 23길 
143,58ba1fa1-bfc9-4f11-b240-7df52f201def,윤연현,남자,1987-2-14,36,1693 부산시 마포구 86길 
144,f7bfeb41-b8ea-4e66-a550-86b292c43328,임후선,여자,1991-8-12,30,9027 서울시 종로구 42길 
145,b71e827a-b168-4fdf-9d2d-ee8d5522c47e,정환효,남자,2006-10-1,39,2193 울산시 마포구 52길 
146,6dfa97f8-a692-47a3-8bfd-8440c25e38a6,박리현,여자,1999-10-15,27,4173 세종시 용산구 35길 
147,3c462720-9a03-4c59-95c9-d17dc5502188,윤은리,남자,1980-11-29,34,485 대전시 종로구 64길 
148,0228cac4-13d3-4e7e-9ca7-1044ac3dcf72,조선우,여자,2000-12-13,15,7596 대전시 서초구 29길 
149,e61a8027-48f2-4af6-93d9-5387e05f70c1,이선환,남자,1993-6-15,18,3785 세종시 동대문구 1길 
150,5c395cfa-56a2-4455-b6f4-6f3a69d7d0f1,임효현,남자,1997-6-4,23,5633 울산시 성북구 35길 
151,f35e39e7-61b9-499b-8748-723c3282919d,한진우,여자,1988-1-21,31,7446 서울시 은평구 16길 
152,4bbd22d7-e3d1-460d-a938-92737f6ab923,최우리,여자,2004-3-28,34,8516 인천시 도봉구 16길 
153,ecbcb83d-a9b4-4a0b-9319-2e0fe7ead2f4,최재시,남자,1983-10-28,32,4337 부산시 서대문구 61길 
154,424bc45d-2294-4653-8108-8134aebe676f,한찬주,여자,2002-5-26,41,2 대전시 은평구 64길 
155,89223346-5b6d-4f5d-b8ce-5b5522179e90,장준건,여자,1995-1-10,26,1284 인천시 서대문구 37길 
156,b634ffac-815a-4b58-8052-c7387308286e,임연재,남자,2008-3-20,26,3400 대구시 송파구 33길 
157,893e08d7-9997-4ec7-9b05-fa6ed8b6db72,강선환,남자,2004-1-23,26,6593 세종시 강북구 54길 
158,ca7c4975-2b62-49d6-bb68-8f41622fa413,장지효,여자,2002-2-11,36,4652 인천시 강동구 43길 
159,ca3e0092-0ca8-4992-a6d3-8a5f5c0e7113,김선현,여자,1990-11-29,18,8245 부산시 성동구 21길 
160,cf6827aa-f3ee-4799-bb05-12f43df06694,정환수,여자,1985-10-27,35,3620 대전시 강동구 27길 
161,bc4f9159-796f-4e83-ae50-4089ac31ee2c,윤연지,여자,2002-6-19,25,4686 세종시 중구 41길 
162,2b38ece8-2c15-4caf-a758-729dd08be04a,박지수,남자,1996-3-25,32,6789 세종시 서대문구 71길 
163,27443639-468b-4958-9105-9f6380a62eac,장은준,여자,1986-12-5,34,3395 광주시 서초구 76길 
164,24acf120-69d8-4dbf-a688-86327ae56c72,윤찬진,여자,1997-6-2,40,5038 대전시 용산구 23길 
165,75633d48-ae79-4afb-ba31-190203d032dd,최진현,남자,1990-6-23,26,6949 울산시 강남구 19길 
166,a21f87d1-f54f-4e5c-a480-8e8b763831f9,정환우,여자,2008-6-25,20,3862 서울시 관악구 72길 
167,91ad6fbd-0504-4a2a-9304-e06e8b53fb38,임재혁,여자,2003-3-8,33,6923 광주시 은평구 9길 
168,d1a62d72-437a-45e1-bc29-e12061dbf561,박윤윤,여자,2003-6-24,38,9607 광주시 금천구 79길 
169,dd641c62-7a49-468b-b9e4-d077552f8f52,윤은민,남자,2000-5-17,18,7347 부산시 관악구 100길 
170,5ebda370-408f-4f31-b33c-b818a1389068,강호주,여자,1984-12-10,42,7232 서울시 마포구 62길 
171,6ee8f12d-d672-4ba4-b351-ce0333b52520,박훈도,남자,1994-10-8,34,834 인천시 중랑구 56길 
172,740ffab7-dac6-4b5c-a2b8-feeffee09e50,박민주,남자,1998-7-8,16,8366 세종시 중구 99길 
173,4b06e7e7-0e6b-480b-90f3-2f51236bded7,장지재,남자,1985-8-4,27,6995 대전시 강서구 24길 
174,f29bd30b-9538-4eb8-8629-bc3d4b67faa1,한유유,여자,1989-5-29,18,2803 부산시 동작구 75길 
175,bfc89452-dfdd-4d90-971a-669f88a9ff50,이시예,여자,2001-6-23,43,8300 울산시 동작구 10길 
176,84e98716-821c-469d-a300-4dea3fca0980,윤재연,남자,2002-10-24,40,9228 인천시 광진구 75길 
177,751a8b20-df20-4bab-b669-b608fa294071,이승훈,여자,1983-9-15,36,7070 서울시 동대문구 39길 
178,c6bc2ba3-e93d-4efb-9d74-8f0431bd3f8d,윤준현,남자,2007-7-7,23,117 부산시 영등포구 65길 
179,d852c050-04ac-4121-8c40-395bb057a7ae,임도은,여자,1996-5-15,39,1098 대구시 도봉구 83길 
180,c72eccb5-596e-4ec3-931d-6c23db5ba239,박준민,남자,1997-12-27,16,8606 광주시 송파구 10길 
181,05ec5439-f66b-498e-8e46-00ef25b57143,김시지,남자,2008-7-16,18,1695 대전시 마포구 36길 
182,d435ff44-9543-462b-9a8c-97adf9420208,정준재,여자,1980-4-18,32,3079 부산시 마포구 65길 
183,139a2fc9-8506-408c-9298-88f8f5d38fa4,이후윤,남자,2006-1-5,33,8884 세종시 강남구 25길 
184,bae35dfa-40ba-4e9c-8444-b934537f3c1e,김후준,남자,2005-3-10,23,884 인천시 구로구 76길 
185,252d38de-c015-4e28-a4db-9731965e3fcf,박후준,남자,1981-9-4,30,5708 광주시 종로구 31길 
186,8b1b62d7-3ab9-4d38-909b-ac936392368d,조원주,여자,2000-4-21,38,9351 대구시 성동구 93길 
187,85bcf9f3-60fc-42c3-b1a6-3832c4d7cdb2,강현리,여자,1997-11-23,18,5722 울산시 마포구 91길 
188,ac8a264c-b63f-4532-8abb-bee42bb3bb75,윤도현,남자,2006-10-23,34,4988 세종시 강서구 20길 
189,1862cc29-b16f-41ec-b3ab-faf97f249194,박지주,여자,1986-6-29,26,1198 울산시 은평구 85길 
190,d425b0c6-0ffb-4c93-9376-e1158c85f44f,한하준,남자,2001-12-22,32,5227 부산시 중구 8길 
191,9c46a626-7eda-461d-a867-cf7619fdcc2f,최지현,남자,2002-10-11,26,5479 세종시 강북구 15길 
192,51004102-28d1-4e68-8104-e86b5c299158,박리승,여자,1989-8-27,40,3216 대구시 용산구 95길 
193,d2c2271f-619a-4665-9329-0298beff254d,최준건,남자,1992-10-22,31,90 부산시 성동구 48길 
194,04828b77-e076-4aa6-aa6b-068adcf2e4da,김우호,남자,1996-4-13,41,2085 서울시 마포구 55길 
195,966bdc45-184b-4a74-b563-bfd3d90b9bc9,김환효,여자,1985-5-4,38,5600 세종시 중구 61길 
196,56d011b9-454d-4603-b164-5166c6c08059,윤승선,남자,1980-12-30,34,8767 울산시 서대문구 93길 
197,913b89bd-f18e-4a00-977b-b79f0c278a45,조환훈,여자,1993-3-11,21,3227 광주시 광진구 75길 
198,074e3801-7343-4028-98d3-dcf06237c81c,윤찬예,여자,1987-11-22,29,1238 대전시 성동구 40길 
199,f1ee47e3-6f01-4578-a733-928732d6d771,강은원,여자,1980-7-29,34,5104 인천시 구로구 19길 
200,589e94c8-67f3-43eb-8b5f-108e1c659bdc,임진시,남자,1991-10-23,15,5328 서울시 강북구 61길 
201,5854ae3d-aece-4597-9350-174c98a9d333,정지훈,여자,1992-2-15,15,782 대구시 성동구 28길 
202,78985bb7-607e-466f-8081-5e3abd90ce1b,최훈효,여자,1995-3-20,14,1752 울산시 노원구 38길 
203,ca1c82b7-afe1-467b-a2c4-0e6bf21e02e8,이민준,남자,2000-5-7,41,5237 부산시 동대문구 78길 
204,da415ad2-2bbe-43e0-8a65-5b4333e4b499,이환시,여자,2009-5-15,43,9591 인천시 중구 10길 
205,89914856-62de-48c2-af8e-fafecbd2d5c0,정효후,여자,1998-12-17,43,9049 부산시 동대문구 3길 
206,337fd3e0-3f17-4263-894a-4c222c11fc38,조도우,남자,1992-7-12,15,5806 대구시 성동구 4길 
207,7e96c2a9-d749-4408-af96-6c7a8333c7e4,강재후,여자,2008-11-13,22,5867 광주시 구로구 11길 
208,c0dd519e-8c91-4597-a2f6-5b2697e22fc3,임우재,남자,1989-4-25,32,4819 광주시 영등포구 38길 
209,3cad9275-9af5-47e9-8be4-91274d1076cb,박환우,여자,1998-5-3,21,2340 대전시 종로구 12길 
210,8ed984ba-f2a6-4f7a-96e3-c591764afa30,장승시,남자,1985-1-20,34,2157 대전시 중랑구 13길 
211,d293b57e-b47f-44c6-a4a7-904fdecdc060,박혁준,여자,1980-5-9,29,2296 세종시 노원구 10길 
212,1802073e-a12e-4f00-987e-62c191eea0e9,윤재진,여자,1990-2-23,20,909 인천시 은평구 84길 
213,277c98e2-a11b-4d22-b0cd-73bd360840bf,임진원,남자,1984-3-11,27,7119 광주시 성동구 100길 
214,a6368689-7edd-4e14-8f71-6136916e90fa,최도찬,여자,1989-7-31,32,8647 부산시 송파구 17길 
215,e977fa99-a8b2-461b-9491-4045996584cc,한선은,남자,1992-4-20,39,4184 인천시 영등포구 21길 
216,4048084d-cadc-44f3-99f0-31224469201f,이재주,여자,1993-8-13,19,646 울산시 중랑구 28길 
217,40355db1-af9f-49a4-9239-bc2f2388e975,김윤환,여자,1998-5-18,20,8189 대구시 송파구 95길 
218,b96de916-726c-4dbf-ab8a-7cbf9f4e8570,장호윤,남자,1982-1-12,21,6532 서울시 종로구 75길 
219,d52c96ae-2915-4486-8584-76fc11e32732,박예예,남자,1998-10-19,21,7149 울산시 성북구 72길 
220,de50beee-b7f2-41bc-8a95-ddc67ca89d4b,한예시,남자,1985-4-28,31,1966 울산시 송파구 54길 
221,8ab7d9df-4307-4082-ad40-1c88fd70c9f8,박훈현,여자,2009-8-20,35,7014 부산시 성북구 7길 
222,da07cc46-b5ee-4b51-a64d-3a4b82401301,강승하,남자,1983-5-31,43,1551 인천시 동작구 22길 
223,ebef05c3-c3a5-412f-96b9-4947efbf898a,이후현,남자,1981-11-9,24,1401 인천시 강남구 64길 
224,4efbd792-1ee2-4377-b08b-99337207a375,정준선,여자,1988-9-29,37,2422 부산시 중구 85길 
225,3911785c-8486-4c3e-9286-cd796228f5c7,장현혁,여자,1990-12-2,17,2304 울산시 금천구 19길 
226,e3a5ca35-eb97-410b-8af9-1052bd737e6f,정우훈,여자,2005-4-15,42,7934 인천시 금천구 38길 
227,88ddb528-bf2d-41c2-bae9-ac193bd423bd,조찬연,남자,1988-1-25,20,7718 부산시 노원구 7길 
228,324d79cf-7976-4240-afa2-1128c9dd4539,한찬시,남자,2000-1-29,21,6740 대구시 동대문구 71길 
229,c5e54e16-054b-4712-bab0-876f053db2c3,이주예,여자,1988-11-18,30,2799 광주시 중랑구 57길 
230,654775cd-417d-471a-89a4-3f18339a0f2c,한지민,남자,1996-3-23,18,9531 대전시 광진구 82길 
231,d4762184-6b27-46b4-9723-cbd2e65bd830,윤건진,여자,1994-2-23,30,9875 인천시 중랑구 18길 
232,6a7cab2a-9e79-4511-8247-d73d1c4d0d25,정윤준,남자,1984-3-10,28,9208 울산시 양천구 60길 
233,0af2a157-6f47-4a76-8a8c-fecbba4f3b36,이우하,여자,2007-6-6,22,2792 부산시 송파구 96길 
234,9a9522e8-8c5f-494f-992d-3bafc9ce84e1,윤훈현,여자,1995-5-27,30,7702 인천시 도봉구 22길 
235,cdeb3299-c8c2-46df-9051-b146df678ae4,장호준,남자,1984-7-29,32,1822 세종시 강동구 37길 
236,cb3483d1-322a-47dc-a128-b506f745f9b6,최원재,여자,1989-2-12,15,4490 인천시 중구 31길 
237,29d14eb2-04f8-4e7c-a38b-be2556fbe0fa,임준재,여자,1983-11-12,41,7031 대전시 성동구 85길 
238,14d34d4c-d4c8-4bb0-aa22-5b40cfa6e0b8,정도진,여자,1986-6-27,33,6266 서울시 영등포구 87길 
239,b6f38f71-6b57-4f97-a755-ef3d24c9b3e4,장윤민,남자,1999-4-14,39,6264 인천시 양천구 74길 
240,60059e08-ec25-4ff6-af5b-4f76651580c4,김환훈,남자,1984-12-15,29,1295 울산시 금천구 26길 
241,9913db90-b144-4b44-8363-444c1538ca78,강효유,여자,1983-5-16,28,7052 대구시 동대문구 63길 
242,ecf98c61-a4a8-40b9-8534-c06dde6a072b,조환우,남자,1994-7-25,31,4101 대전시 금천구 29길 
243,b8aad79a-9adc-4644-92e7-67c2a63d2baf,박수리,여자,2002-3-19,33,2239 울산시 중구 74길 
244,3b35f450-9f3d-4f5a-a854-de65c5edb9f5,윤도민,남자,1986-7-17,14,4268 대구시 서대문구 25길 
245,0e1b95f5-a635-4417-91db-793d685fd5b4,김예훈,여자,2004-11-28,19,3666 대구시 성동구 83길 
246,c6bb3650-4e4b-4420-a316-e04127e78403,조민승,남자,1999-1-3,43,7932 세종시 강서구 24길 
247,18d367db-8ad6-40dc-be08-01bc4eb87bf7,조환준,남자,1983-12-26,15,8401 광주시 영등포구 57길 
248,522b40fc-a831-42c8-b47e-02c591173822,최윤혁,여자,1987-9-17,26,4611 울산시 성북구 76길 
249,f99e7d15-0dfd-4a2b-8c82-806e0f2aef58,박현유,여자,2007-5-30,33,9847 서울시 강동구 50길 
250,1b344267-893f-4710-a3e0-59cc708607d2,정갑유,여자,1981-11-8,30,6846 울산시 강동구 23길 
251,bed91f4a-8e35-4faf-8c20-b90cf1c0a0e8,강연수,남자,1992-8-30,22,3215 울산시 동작구 10길 
252,5f1b8644-74dd-4efd-9cd8-b6c64c1dd431,임유준,여자,1991-2-20,31,6643 광주시 구로구 27길 
253,42d6111b-af50-460c-a5f4-bd08c86c868c,장진원,남자,2001-9-20,28,2511 부산시 송파구 54길 
254,99c3bf71-b73a-4d6c-9adb-e11838b78efe,박갑리,여자,2000-7-13,43,4124 광주시 성북구 70길 
255,34f65f7c-f517-4f9c-aa60-ee8baef94e9e,조하효,여자,1980-5-2,27,8947 대전시 강남구 57길 
256,2ca6f12e-a096-45bc-9dbb-ee71a07f4e55,임지준,남자,1981-10-21,38,4271 광주시 강서구 2길 
257,6a48a8ce-68e4-40db-a6e3-44f2d537f6b3,조원승,남자,1986-10-28,38,3505 부산시 강동구 2길 
258,47e18561-9851-4ecc-a32a-87b39fc859a9,임환진,남자,2003-1-14,29,8330 부산시 양천구 6길 
259,725b8478-3739-495e-925b-7a14ecb53954,임선지,여자,1982-1-29,16,155 세종시 중구 8길 
260,624c36f2-e429-49e7-bd3e-41935a480eb4,정선도,여자,1992-4-15,32,5444 광주시 중구 10길 
261,1d620c5a-ed3c-47b4-bfb3-786ccc9accaf,강우훈,여자,2005-5-17,38,737 부산시 강동구 95길 
262,cc86d98f-a24f-4cbb-a74c-5877ebbe443d,이갑준,남자,1986-10-26,28,3574 대구시 동작구 58길 
263,965cc2e6-d5eb-4d9b-8cc6-43bc366bb1bd,이하우,여자,1997-5-6,37,4979 대구시 노원구 67길 
264,beb0073d-4a93-4cc1-8f85-ae488817c8c6,조예도,남자,1992-12-1,32,4718 광주시 마포구 93길 
265,d7bb3d3b-c799-4dc9-8101-e843670dc6d9,조윤원,남자,1991-11-13,37,9679 세종시 중랑구 46길 
266,8d43ca87-cca8-49ef-befc-784872c094a1,박훈하,남자,1998-7-23,30,6926 세종시 강남구 80길 
267,36cbd5b6-7f15-4f62-8735-6a8428692495,강현리,여자,2003-5-3,30,9923 부산시 영등포구 18길 
268,ee8012a2-8da1-457c-8daa-bcfc56a76e9e,임민지,여자,1985-12-12,33,7300 대구시 중랑구 49길 
269,c9ba1446-7eb8-4500-9d04-1cbce1ae9b91,윤시우,남자,1985-4-11,39,7571 대구시 중구 22길 
270,52d44e86-04a3-413b-884f-295cbabbb625,김민은,남자,1998-11-22,14,7006 서울시 금천구 50길 
271,74f8d4d0-0473-46a5-97ad-030d185be613,정건혁,남자,1987-6-28,14,3342 부산시 영등포구 46길 
272,588ab337-7076-4efb-b0d9-16c1d73d4996,조재찬,남자,1994-10-3,27,8313 인천시 강북구 46길 
273,c9bee1d0-e89d-433f-a823-5848d667de62,강준우,여자,2003-8-17,14,6663 광주시 송파구 26길 
274,8f2da4a1-c414-4e41-87ab-9fd497157161,조주후,남자,2008-8-31,23,7068 대전시 서대문구 33길 
275,5a97fa16-b8db-4e70-bc6f-4c06dc95d199,정준민,여자,1992-5-9,25,7075 울산시 노원구 80길 
276,73057df3-c534-413c-9e48-d0513b354af6,박민시,여자,1980-5-24,34,7132 인천시 관악구 30길 
277,5cfdf0f1-868f-4c0a-9607-1c43745631e2,윤후서,여자,2001-4-4,26,7669 인천시 중구 66길 
278,b80fa80d-99de-40ac-a6eb-ec8b3d7c0606,강지은,여자,1996-5-6,16,834 세종시 서대문구 38길 
279,63dc3cea-1bb4-4bd5-a382-85decdc2b1f8,임서진,여자,1983-4-16,42,9869 부산시 영등포구 92길 
280,39ed6b68-321e-4a4d-b790-c7eb859ee049,정수훈,여자,1986-1-14,27,3789 광주시 동대문구 79길 
281,2dd2b981-1723-477a-8ce8-67a4d7866b51,이환효,여자,1994-5-15,36,5575 대전시 강남구 97길 
282,36a6733e-a13f-4876-b037-3d0267595c88,장선윤,남자,2009-2-21,33,9776 울산시 구로구 39길 
283,81a7526b-ef4e-402b-b63b-0c90472df164,김리승,여자,1983-3-14,18,8259 세종시 중랑구 11길 
284,e53e698b-4888-4316-a44f-c22248ac3c38,최진선,여자,1980-10-30,21,2965 대구시 종로구 96길 
285,945f8c48-c4be-446b-be01-156611ddc8ca,임혁도,여자,2004-12-28,33,1324 인천시 종로구 22길 
286,885e0bf7-427c-4dee-af2d-dcf60df0dc22,강승예,여자,1991-1-15,43,1375 광주시 동대문구 45길 
287,d53979d2-d1d4-4616-8132-2103ade4a9ba,윤현유,남자,1996-12-14,15,1838 서울시 성북구 45길 
288,13ec207e-4e6a-418e-881b-374674d2b15b,박수진,남자,1996-8-13,35,1964 부산시 송파구 70길 
289,922cc004-6e76-44b4-a17c-d80713bffe6f,임선찬,여자,1994-1-13,21,4826 세종시 노원구 15길 
290,e1210b29-6941-4c46-9002-58dd1966f8b6,이환호,여자,1996-12-21,23,9894 광주시 금천구 12길 
291,cadcaef6-4a1d-43ed-b4fa-ed374f5512c7,윤후환,남자,1999-4-26,39,1709 대구시 영등포구 54길 
292,c043e17f-df5b-45eb-9c54-c12b47d9004c,임건민,남자,1982-1-11,19,5409 부산시 강북구 82길 
293,2252f68b-81fa-4b8b-822d-3715ec7f0393,박연후,여자,1990-8-29,20,5031 부산시 강동구 25길 
294,8fe398f5-97ed-4142-8814-ae6b68d25cc5,김선수,남자,1996-3-8,40,5696 서울시 동대문구 19길 
295,8b868075-4279-41cd-a664-ed8c9283769f,장원우,여자,1995-5-11,26,5863 울산시 노원구 92길 
296,6cf9a724-d1e3-4298-add8-5991b9974767,장효효,여자,1992-2-26,27,7519 세종시 용산구 6길 
297,49002f57-0e68-45ff-89dc-cbfec1ea5359,장훈진,남자,2000-5-15,39,9529 서울시 도봉구 83길 
298,b0c01bdd-1e4b-444c-bed0-172561888f44,박선현,남자,1982-9-7,30,3320 광주시 용산구 76길 
299,cc46e914-ad6f-40b6-b6a1-ace87e6502a3,박리도,여자,1992-8-19,21,315 부산시 송파구 35길 
300,0b2183eb-a13d-4aa4-b70e-add1f8e393fe,정준주,남자,2007-5-3,43,4355 대구시 광진구 17길 
301,95707838-980c-4150-b842-f500a5b1d4af,김지건,여자,1984-8-8,43,4819 대구시 강동구 84길 
302,285e4d45-75a5-4534-a359-010e0bc5b154,이호찬,남자,2000-3-16,41,9785 울산시 마포구 27길 
303,e5da53f7-24dd-4a23-a4a1-60402d602589,한은우,여자,1988-9-9,42,4855 대구시 강동구 76길 
304,e180f31a-194e-4169-8e17-1dca82dc7172,강민하,여자,2005-6-16,36,7300 대구시 구로구 67길 
305,8ba2f213-b8fb-4adb-bb34-88c4dc2d8944,조진서,여자,1991-8-29,16,3601 세종시 강동구 90길 
306,84860982-a53a-4acc-9c47-034daa3886c2,이갑유,남자,1988-10-3,18,3614 광주시 성북구 70길 
307,1185f88b-b5ec-4267-acef-d0b1a3d4ece6,장갑윤,여자,1986-6-13,39,9299 대전시 서대문구 17길 
308,d042346a-d4e5-426e-9509-30932065bd30,김호지,여자,2005-7-3,19,4531 대구시 종로구 40길 
309,5292b39b-32aa-4a8b-a0b0-dc03573fa8c4,박유시,여자,1988-1-17,25,8205 세종시 노원구 87길 
310,0307c6f9-738f-4281-b74a-e8c61d8d7ede,조건혁,남자,1983-10-5,34,7137 서울시 은평구 24길 
311,d2c3bcd7-43c4-453b-b95e-6659867f1e81,김지진,여자,1985-11-12,28,5336 대전시 도봉구 65길 
312,06cacef9-2fb6-4127-89de-ad2d4f3c51fd,정호갑,여자,2001-5-29,35,9886 울산시 중랑구 89길 
313,33da129c-1b7b-41ee-80c7-a40b5f3a84c2,최리주,여자,1997-3-19,37,1905 광주시 동대문구 83길 
314,57e00154-e5fe-4ace-9717-afd39f94d585,조찬연,여자,1998-4-5,36,2880 대전시 도봉구 65길 
315,c6258410-e114-44a3-8697-4a9e1c5d65c3,최시혁,남자,2003-5-3,42,379 인천시 광진구 33길 
316,9e2929ac-80c0-44d9-b389-0ed0f0f94b76,최리수,남자,1983-12-26,36,5975 광주시 강서구 34길 
317,0704a373-8e10-4c4f-9b02-b5670be372a7,조진재,여자,1996-9-28,35,9252 울산시 서초구 4길 
318,aed88d99-f8f9-4747-af4e-1d0dbb3ce083,장현서,남자,1986-4-22,21,958 인천시 영등포구 97길 
319,97600fbd-7488-418a-b4f8-8839ba38ed33,박건윤,여자,1995-11-9,23,7935 인천시 강동구 5길 
320,331c176f-6bd7-404d-a9cb-8bde99d0aca1,김우도,남자,2005-7-10,34,7014 대구시 중랑구 93길 
321,5fa0b5a5-b54a-43a1-bf0e-2656ac1cae6d,정현유,여자,2003-4-1,30,9525 서울시 중랑구 84길 
322,2f9e56e7-0b22-4033-acac-5045756ce259,강후준,여자,1996-5-12,22,9637 부산시 관악구 4길 
323,ffc3e4c7-cb64-46bc-a211-761336ab4757,임서호,남자,2000-5-3,28,8241 세종시 서대문구 36길 
324,246a68ac-41d1-468e-bf8b-8608217cad4e,이우갑,여자,2006-11-8,19,2353 서울시 강남구 11길 
325,ce1dc584-a684-47d9-b942-6673d6ac1e44,정수찬,여자,1985-11-10,28,6147 대전시 중랑구 91길 
326,afaf8273-36ff-414e-9342-2482591bc64d,최현혁,여자,1998-8-31,20,3303 부산시 금천구 91길 
327,0f7f1c86-f6cc-4329-b7b5-1fe986f90fae,임지시,남자,1998-8-25,25,2629 서울시 양천구 22길 
328,f8379299-a4c6-4cf6-bca5-d37ce3c99e51,장환원,여자,2009-9-8,25,1146 울산시 종로구 15길 
329,1da5701a-3a43-4c17-83af-84f424ea4eff,강현민,남자,1988-11-26,24,4091 울산시 서초구 83길 
330,8f024524-58a7-4f09-a6c8-ab3de8064d9b,한수도,남자,1987-1-20,36,4731 서울시 강남구 49길 
331,dc6fc155-9cdd-4e10-a607-52c6e61534b2,조현수,남자,1994-1-5,41,921 서울시 중구 23길 
332,b8f4f13f-136d-4ba5-a5ad-f7a0c8b61bfe,이환준,남자,1996-8-29,31,2164 울산시 용산구 49길 
333,1351d377-131d-448f-a914-2fe26869b546,한준승,여자,1991-1-18,38,4910 대전시 금천구 30길 
334,dbbaa97b-140f-42f8-ba42-6cbf73f6246b,임재지,여자,1998-6-22,37,221 대구시 은평구 60길 
335,01df0c28-6777-430e-ad66-361df611ce6d,강재현,남자,1987-10-10,29,3583 대전시 강남구 37길 
336,fec356c7-89b1-4f85-a524-c159a4202b06,장진현,여자,1994-11-15,38,2879 대전시 서대문구 40길 
337,5ce55fbb-a167-49d2-a1cb-c3de47d028e4,정환찬,남자,1980-3-17,41,913 세종시 강남구 100길 
338,ddca7e56-5d74-414f-b3f6-09db68d28ea4,박환준,여자,1989-6-9,43,4903 세종시 금천구 19길 
339,0facf199-72ae-45b7-b2ce-91a934211716,강갑은,여자,1991-6-16,42,4219 대구시 서초구 8길 
340,88cd9338-5e6f-4e09-9541-5c2de1d0c9f9,박후현,여자,1996-4-7,35,1627 부산시 강남구 93길 
341,e527ec34-0c5a-4c4a-9aa6-6d7feaba4088,정지준,여자,1985-12-14,33,2200 광주시 성동구 76길 
342,120d4115-f0ec-46cf-949f-cb3172a4b14f,김유시,남자,1982-12-19,23,539 인천시 강서구 14길 
343,847d3ced-fa96-477e-b5cd-de167b981435,박은진,남자,1986-4-1,28,6613 대전시 강서구 90길 
344,ee6deaae-d61b-4be0-a96d-de7e278bf75d,정효효,여자,1993-8-1,29,7424 부산시 강서구 4길 
345,31089114-539c-40c8-b44c-c384fd2a7b3b,임후진,여자,1981-9-20,38,694 인천시 영등포구 90길 
346,718d61d7-fae7-46b1-aa13-d8a4da59c3e7,정재예,여자,1993-1-29,43,5436 울산시 서대문구 98길 
347,0494487d-de1c-4a2f-a866-10acc93e399e,김주찬,남자,1997-8-22,40,2997 서울시 서초구 78길 
348,c47f2869-69d5-4645-8170-f4cb1b59ef7d,이선연,여자,1997-2-7,39,3516 대전시 은평구 51길 
349,fa9421ac-d47c-4575-bf2a-ae46bcc2250e,한환진,남자,2005-6-4,33,2759 울산시 구로구 84길 
350,d196b34c-3b03-4cf2-bad1-d49d369ed02b,한진현,여자,2002-5-17,23,3873 대전시 금천구 87길 
351,542d45b4-cf23-4388-a85a-77826b85801b,한도지,여자,1993-10-28,18,5492 대전시 종로구 9길 
352,ad7eba7a-9724-46fa-a192-bac7116bc45d,박리우,여자,1989-6-28,24,3845 울산시 광진구 24길 
353,948fb5bb-bbdc-451b-b787-c5ea73a16a42,조지갑,남자,2003-12-9,28,9622 인천시 중랑구 76길 
354,9360fc7d-802c-40b7-8301-3e81436238f2,김리예,남자,1995-3-12,24,782 세종시 성동구 24길 
355,d8b3f907-a595-49c7-a0fc-90891239325d,강준준,남자,2004-12-18,42,4808 울산시 관악구 58길 
356,443591f7-a0d2-4703-9995-63ff6ffc6197,정서우,남자,2007-12-31,40,8724 울산시 종로구 40길 
357,172b7cf7-5630-408c-bb48-3c70ed0207ff,박리윤,남자,2006-5-13,25,1389 서울시 강동구 90길 
358,4f75750d-845f-47c9-bd11-a6c9863a57ee,박재우,남자,1987-2-26,35,2974 광주시 강동구 12길 
359,a3e4ca3c-9aa2-4a53-a0ac-698c6900cee0,조진훈,여자,1983-2-11,22,8211 대전시 강남구 90길 
360,935acc62-3853-4a56-b637-6af2a4381be4,정환현,남자,1994-5-6,29,6568 광주시 종로구 74길 
361,f55eb68b-1b88-4e85-8469-a65cbe246efd,임혁재,여자,1990-10-8,16,9240 대전시 은평구 2길 
362,87de2063-faa9-452c-80f6-4c87203c1de4,윤건민,여자,1991-6-26,40,5122 부산시 강동구 1길 
363,489f1abb-b74a-45d3-9a04-5669d6b9cd1f,김진현,여자,2007-1-28,20,7891 부산시 강북구 46길 
364,01436782-c338-40df-8be9-ec76cf4f6f4c,김시진,여자,2008-6-9,35,2895 대구시 용산구 35길 
365,53111a85-3838-455e-9440-e0e2cdba8683,한준예,여자,1994-8-1,38,1811 울산시 마포구 48길 
366,42857402-270a-4b48-b0f9-1ec1cbfb9e93,한도서,여자,1989-2-24,33,7760 세종시 영등포구 42길 
367,4bd312d1-cecb-4624-8823-5dd5aa5e61a0,윤준은,여자,2003-6-12,20,6679 서울시 강북구 55길 
368,be77c574-7515-4439-92da-419392359b52,김유환,여자,1985-4-19,36,4140 부산시 성동구 90길 
369,8221e034-9b2a-43a1-8dd2-8dd983985a04,윤후민,여자,1985-5-7,23,8932 광주시 강동구 24길 
370,cd1eee14-0d02-49b1-abe6-577aa1291e21,정시환,여자,1986-1-27,37,3635 서울시 마포구 78길 
371,8a87399e-31c5-424e-bacd-9195a61fb6e3,장주혁,여자,2002-7-5,33,7626 광주시 노원구 50길 
372,6bc6a87b-a48b-4161-b352-7765c22df284,조준예,남자,1983-12-1,26,9281 인천시 송파구 19길 
373,47e320aa-8e0d-4a33-b857-c2c8af76e031,정환찬,여자,1983-5-30,36,2530 서울시 동대문구 87길 
374,731889ff-f80d-4971-aa7b-1de96f901a85,정리리,남자,1990-11-3,34,1536 부산시 은평구 61길 
375,b0b22774-7b9c-49c0-a7d5-c4994eb05ebc,최유현,남자,2003-11-8,39,54 서울시 관악구 24길 
376,f205b415-a168-42bc-8c77-1a9745536b06,정현효,여자,2009-8-9,21,1929 광주시 종로구 88길 
377,7a22d7fe-2110-4522-a004-d5309958d9a8,박건우,남자,1981-10-17,19,357 광주시 강동구 42길 
378,1e36d6f3-10b5-4c6c-8c1f-62238a8046e4,이찬도,여자,1999-6-19,21,8235 인천시 중랑구 10길 
379,ead512ea-8733-4970-b105-4ebb45a88905,김하예,남자,1983-6-8,16,4119 대구시 동대문구 23길 
380,f9183214-93d5-41f2-afae-5e42e384e42e,한수현,남자,2009-7-9,24,6751 광주시 노원구 94길 
381,e8cbd1d5-278c-47cf-aea3-fe8045f419a7,김후서,남자,2005-8-17,42,773 세종시 강북구 10길 
382,5a834f48-980b-4f4f-84fa-0c20acf488d3,정유갑,여자,1980-3-26,38,5088 인천시 강북구 49길 
383,6b779e11-84ea-4f63-91fe-680b1786f94f,이진찬,남자,1991-8-8,43,5838 울산시 강북구 9길 
384,ffbfd417-8f58-4d33-9dac-4e0b50f6fd22,김효예,여자,2005-6-7,39,4015 대구시 동작구 57길 
385,5e57e0f2-f34b-4276-aef3-0a9ec846ef9a,장은효,남자,1999-11-22,43,601 부산시 송파구 13길 
386,313e13c9-16e1-4791-9898-b02dba213a5b,최호현,여자,1981-11-30,43,6536 인천시 강북구 63길 
387,e1809ed3-e7b9-436c-a008-3a6f5f6997f6,강윤지,여자,1991-4-17,25,9436 부산시 금천구 75길 
388,d7e6c783-967a-4021-a2a9-dac8eaa500d7,장윤지,여자,1994-3-19,28,6273 울산시 구로구 87길 
389,c1278bf4-efd6-4ad2-ad62-311276d69087,윤우진,남자,1980-9-17,38,5296 대구시 강북구 67길 
390,326f3319-7e60-44a2-9bc2-cbccfef54f0e,이훈현,여자,2000-8-15,30,5935 서울시 종로구 60길 
391,a4702a3c-2bb3-4612-8008-35fe6614b10b,임도찬,여자,1998-3-6,40,7607 대전시 양천구 73길 
392,bad6155f-e711-4d6f-92b3-930041ba4b70,이윤준,남자,2009-5-12,42,6306 부산시 서초구 53길 
393,9e1c35a7-9b7b-4aab-929d-7e469d95a8d1,정은후,여자,2008-10-18,23,9631 부산시 양천구 83길 
394,4521187c-fb4f-4791-9900-42458856147f,임후지,남자,1995-3-30,34,6603 울산시 관악구 68길 
395,39737d8d-5a49-43ba-8861-f32ec8df92bb,이준지,남자,1985-4-6,43,817 울산시 강북구 50길 
396,16977488-65fd-4355-81eb-af8cb9712c45,한은환,남자,2003-2-4,37,1563 부산시 은평구 23길 
397,86489719-1535-4bf6-bbc2-242bfbdb9a63,정호시,여자,1980-12-18,31,5199 세종시 강동구 94길 
398,d3d6f9ae-92d0-4fbd-83d9-be31d95ca66f,정도호,남자,1999-2-18,15,5172 대전시 영등포구 10길 
399,dea27db2-aaad-4a49-9a5b-df3bc8c54f37,장건하,남자,2002-1-7,14,2685 광주시 노원구 86길 
400,3098012f-b81a-4417-8200-62dc95c51308,이연원,여자,1995-10-15,41,2933 서울시 광진구 17길 
401,fba0b065-6a5f-4fdb-8ed6-ca11bea5e698,김지현,남자,1987-1-12,20,2504 부산시 중구 70길 
402,6ac40815-de77-4341-96b0-5f8a78f6185b,장준유,남자,1997-9-24,41,7497 대구시 강서구 69길 
403,a456ab4f-cb15-4d7f-a75f-8bde9d4a37e5,조진준,남자,1985-6-11,34,6837 광주시 서초구 27길 
404,760b6887-fbfd-49f2-b391-65ebef375138,강환호,남자,1996-4-7,39,9745 광주시 성동구 55길 
405,b33fe3a8-8fc2-4548-b4c5-5ea6f5ade8ab,박예민,남자,2006-7-28,34,8215 서울시 동작구 6길 
406,a3b0fc78-3e3b-4b86-b34c-5edb5a679623,김예찬,남자,2002-4-19,22,4069 광주시 송파구 83길 
407,630f2a5c-057c-4dff-9de8-c23137e06599,장환후,남자,2009-12-29,27,8937 대구시 서초구 14길 
408,57f1524a-2048-48e3-bcac-ff8417cc327a,임찬수,남자,2001-6-6,19,5992 서울시 관악구 82길 
409,3902083a-209e-41ef-a02a-39179d431542,최수진,여자,2009-8-16,16,3770 부산시 성동구 79길 
410,f59201f6-ecfd-4d0c-97a8-d7ce4af33dec,조준연,남자,2007-12-26,34,4828 서울시 중랑구 87길 
411,1de62baf-7b64-4acb-90e6-7f356cd0cdde,윤재현,여자,1995-1-23,35,9005 대전시 중랑구 86길 
412,63bad649-e0e6-4f81-9abe-19836f9f30d2,이하지,여자,1994-8-21,42,748 인천시 서대문구 64길 
413,a286d4ea-7afd-483f-8da9-745922267a7f,박환갑,여자,1993-9-29,43,8733 부산시 양천구 75길 
414,1f4304cc-acba-47a8-8237-78e27342eba2,강민지,남자,1989-3-27,32,2798 대전시 도봉구 46길 
415,eaf1baaa-641a-469b-8a6c-5b49c92d2ae6,임하주,여자,2008-3-19,16,9375 광주시 동작구 99길 
416,f590d249-88be-465b-8564-de287108b2d2,한지환,여자,1991-9-19,32,1537 인천시 서대문구 95길 
417,bd45267c-2ee4-4182-9924-2d94e8de9495,이수호,남자,1992-7-29,34,9409 인천시 중구 73길 
418,116ecade-84a5-42fe-8b04-37451f6aac6b,이훈훈,여자,1980-8-6,32,9915 인천시 중랑구 85길 
419,ecebd345-9b58-46e5-9635-c8448d625bee,정원예,남자,1994-8-20,38,92 세종시 금천구 59길 
420,b06fade2-e315-46bf-a2e0-71074eb01c9e,조혁연,남자,1984-8-15,28,4701 인천시 노원구 15길 
421,93d4fdb1-53bc-45e0-90e5-3f4ca91dc2c9,박환서,남자,1996-8-26,34,2377 울산시 양천구 2길 
422,98c8f99b-23df-43e8-ae4a-cef27cc916a7,김하지,남자,2002-9-9,37,3685 서울시 강서구 90길 
423,fc7d3919-b2f5-400c-aa6f-a4e13c8254c1,정현건,남자,1980-4-20,14,1734 대전시 용산구 90길 
424,3a879eb3-aa67-4380-8b07-0d3504f64ac9,윤민지,여자,2006-1-6,43,8687 인천시 성북구 63길 
425,3e5c10b2-e9ae-46f3-a955-14d72f36c759,장현원,여자,2003-5-7,22,5113 부산시 구로구 71길 
426,880cbacf-28df-4b83-9cb5-cb4cebc9b981,조주수,여자,1990-5-1,33,2849 서울시 성북구 25길 
427,5c419f8e-599e-4cec-8313-9a60cd16431e,강우수,남자,1994-1-30,30,4825 서울시 양천구 4길 
428,ed3d6e7b-3cd5-441e-8ed7-f8c21875c33d,이진수,남자,2009-3-16,39,8203 세종시 송파구 6길 
429,3561d0a9-1034-4f28-b6c6-2bd3a6e8af4c,최예하,남자,1983-6-15,31,9094 울산시 강동구 42길 
430,99a9ce46-cfc5-444c-b784-2365ddb086aa,한우후,남자,1995-7-1,32,4341 대구시 강동구 76길 
431,ae998583-fe60-47d9-a823-98a0fd3b47b8,윤훈지,여자,1980-1-1,18,750 광주시 중구 5길 
432,5e760228-60c4-4b09-9628-1c4b812dc1c6,장주유,여자,2007-12-4,43,2615 인천시 강동구 86길 
433,3bf007bb-0695-413b-9783-2ccc21dcf1d1,강갑시,여자,1994-6-15,20,8966 대구시 동작구 66길 
434,300c3042-572b-4a82-a437-85a7647f24c9,조민호,남자,2009-7-3,22,3179 인천시 노원구 65길 
435,f0571c32-7fef-442c-8ea9-12a57ff0bdaa,정진하,여자,1996-2-8,18,5827 인천시 성북구 43길 
436,a8473b54-d151-4dad-b7eb-12981af005ed,이주도,여자,1999-8-5,39,2921 대구시 송파구 94길 
437,7f201ac5-f76c-49cc-b4dd-e815864f9488,장호시,남자,1980-12-15,24,2484 대전시 동대문구 12길 
438,1baaddef-e0de-4b15-bdce-1be7781fc554,임훈수,남자,2007-6-19,38,2935 인천시 강남구 59길 
439,f66cc497-f84b-4a5d-9153-f5d345677c69,최효민,남자,1995-7-16,28,1205 울산시 중구 79길 
440,5699cce1-0778-4dce-8e9b-c915e4c67acc,정혁은,남자,1998-1-29,33,9490 울산시 강북구 80길 
441,a3d9615d-258e-4c74-818e-3377ab454698,박혁민,여자,2005-3-6,40,5369 광주시 광진구 89길 
442,7963464c-07f8-4265-837f-77ed76be1a27,조윤도,남자,2001-4-4,36,4248 대구시 양천구 84길 
443,5ebebbd0-6993-4121-84bf-11c28f5b580e,조찬은,여자,1990-6-20,41,5584 서울시 양천구 75길 
444,69aeefd7-dbde-40f2-9d6d-f69cf5242dc0,조지예,여자,1990-6-7,32,3566 광주시 강북구 66길 
445,3ce0c734-19d2-4f2b-b2d0-77fe0777a637,임하선,여자,2000-9-3,35,1639 인천시 영등포구 95길 
446,4b75ec66-f240-4c2e-85c9-bf47d4bbdde7,이재승,남자,1993-7-21,39,3978 광주시 강북구 12길 
447,b1792741-d384-4633-9bb5-d8d395703172,이승은,여자,2001-11-25,21,3364 서울시 성북구 24길 
448,d9d9734f-a86c-4275-b5dd-b94f5c393a7a,장혁현,여자,2002-6-22,19,6900 광주시 노원구 53길 
449,46580808-5c9b-4a69-b1ba-f1ae2d7a8465,임현건,남자,1984-2-13,16,6199 부산시 동작구 11길 
450,d51cd33a-a2b2-45c4-a3e2-5a10917ca992,정리지,남자,1983-7-3,15,5228 광주시 성북구 46길 
451,de3b684c-5209-420e-bc65-6c7f67d6c985,한리혁,여자,2000-2-9,22,7064 광주시 노원구 22길 
452,25e418bb-cba8-49af-a93b-9dbf88e75f01,정지진,남자,1981-8-28,34,6519 광주시 양천구 93길 
453,8d999e19-86a2-441f-b739-11e872b4a49e,한혁주,남자,1985-2-1,43,3610 대전시 강북구 76길 
454,44dc85f0-90b6-4a72-9f70-d594b48ebc7f,김효민,남자,2002-3-7,36,9286 대전시 동대문구 82길 
455,e449d112-26c8-40fb-b569-b0b369ec60e0,이후우,남자,2000-7-26,17,4346 인천시 마포구 88길 
456,c3ff4b8f-4ed3-4eca-81ef-3b2e0628d604,이진원,여자,1980-5-26,29,9507 대전시 강서구 60길 
457,0c4cc605-adef-4318-a3f3-02c0a41e0895,박진찬,여자,1989-10-23,22,7694 광주시 강동구 37길 
458,44b6f21d-8bef-40fe-a737-f1bfec296447,이선후,남자,1992-11-23,32,7169 인천시 용산구 79길 
459,1fee5c93-d126-4de6-859c-c21dd5a1838a,김훈진,여자,1982-12-19,18,3417 대전시 강동구 54길 
460,56a5df81-77cd-4b88-8db8-91fcf88d6c46,박진준,여자,2003-1-19,22,6271 부산시 종로구 94길 
461,5bbc1bf5-2537-416b-aa27-8833bebf5026,윤연환,남자,1992-12-2,17,4625 울산시 광진구 97길 
462,64fbef80-24c8-46f5-a756-e7de0eda1217,한찬현,여자,1998-2-21,43,105 광주시 동대문구 81길 
463,a001d8c0-5b78-4491-b072-a2ac258798c8,이갑환,여자,1989-3-19,38,9855 부산시 중구 18길 
464,212a3901-09ca-4ad9-afdc-cc59722536f5,강예수,남자,1987-7-1,37,1508 부산시 강남구 70길 
465,f929314b-b829-4e20-b6db-2d73e21cd3f3,최유준,여자,2009-7-6,36,3196 서울시 영등포구 95길 
466,5c31bd56-15bb-4769-b83e-1c149c1d56ff,임재민,여자,2009-6-6,41,4725 광주시 동작구 63길 
467,7470d416-edb4-436a-9846-dbe4628aeb5f,정민도,여자,1997-5-26,40,1964 대구시 금천구 1길 
468,a513f709-1dd9-4ba4-93a0-0832720f57ee,한승민,남자,1981-12-28,17,4244 부산시 은평구 97길 
469,a420fbbe-7b38-4af3-99c4-721904b86e29,윤환원,남자,1985-6-11,34,8050 인천시 영등포구 66길 
470,4b267f25-e45c-4246-bc66-bbe534461263,윤은예,여자,1990-2-9,42,6171 서울시 서대문구 91길 
471,a382bd01-6231-4523-8bf5-3bdb5cae7a0c,김시진,남자,2000-7-22,24,8903 광주시 동대문구 31길 
472,51212efd-940f-43da-94ea-eb3352ffce0d,윤훈현,남자,1996-12-8,37,4302 대구시 강동구 40길 
473,c6032806-2632-40a8-8e14-1de35b4314de,조현환,남자,1991-11-4,15,134 부산시 구로구 32길 
474,af93d01c-4208-4a83-92a2-312658bf7bd0,장주예,여자,1985-6-12,18,5184 광주시 구로구 82길 
475,1209f564-887e-4313-8e58-74dc327e5c4c,장환현,남자,1989-9-21,35,7605 광주시 강북구 41길 
476,3183df7b-b121-466a-8a27-e693d518c01f,최갑준,남자,1998-2-5,27,8846 서울시 용산구 88길 
477,82baee47-14d4-49a9-8b7f-b8505444462b,박리우,남자,2009-8-11,24,8546 대전시 동대문구 42길 
478,35ac010e-1ba0-40a9-8704-082ff9770f35,조예호,여자,2008-8-30,34,1234 광주시 마포구 47길 
479,f9263f38-7e59-4af0-8fe4-4f6c61255d7c,정은시,남자,1994-7-3,16,9564 인천시 중구 20길 
480,923b82f1-9537-4911-8f1f-c51f05f7e4bd,최도민,남자,1985-12-14,23,2363 세종시 강남구 13길 
481,48ef1480-ee5c-46e7-8d8e-a98648b59989,장진현,여자,1989-4-25,30,737 대구시 관악구 7길 
482,f72286ac-62a4-4dfe-947f-0f5007e4adc8,윤윤선,여자,1980-2-23,31,435 부산시 도봉구 99길 
483,39660f7b-827d-4040-8b38-3c93c7dc2bb7,장수도,남자,2005-6-23,31,6544 대구시 마포구 56길 
484,0eef570d-ea58-43bb-adaf-9421e769c04a,최진서,여자,1996-4-9,17,5926 대전시 강북구 21길 
485,3a56d509-ccbb-4bc0-ae10-0fdcac1d068b,강우훈,남자,1985-3-15,39,8328 광주시 중랑구 37길 
486,af7b14f9-4f10-401d-a7d6-a77433f85962,최건호,여자,1993-12-2,16,5101 울산시 중랑구 80길 
487,410eda90-8cf1-4876-8dff-2bd2625cde31,강주수,여자,2004-6-22,37,2469 부산시 은평구 50길 
488,9ee78c92-5a2d-41d7-85dc-69c4e84094b4,윤준준,남자,1983-8-4,40,5661 울산시 노원구 82길 
489,d0243192-e621-48f3-9f6d-05a20b5a1c8a,정환유,여자,1989-3-28,23,3089 대구시 노원구 25길 
490,d005240f-5538-46ba-8ec5-0d5a73f1d014,윤현준,여자,2005-11-8,14,2101 부산시 마포구 69길 
491,93f14bb1-910b-4078-85b9-aa44cdcb4da2,조진지,남자,2003-4-14,19,2546 광주시 금천구 11길 
492,8b200215-4f86-49fe-9cd3-5879ffe227ab,강리준,여자,1981-10-20,33,3045 대구시 서대문구 83길 
493,c1f78fba-9dfd-4873-af69-b6b3574ad36c,김민재,여자,2007-1-18,27,2957 서울시 서대문구 39길 
494,afb36b73-44e6-419a-beee-b20988491696,윤민진,남자,2006-10-9,41,3014 울산시 성북구 82길 
495,94d5dcba-55c3-4d15-98b4-f7e0acad1c6d,장리준,남자,1993-11-17,27,6551 대전시 광진구 77길 
496,83071f96-01ad-47c5-ac71-a092de188ef9,장환지,남자,1986-11-18,26,760 울산시 동작구 7길 
497,64660d0a-96a1-4d58-b890-6081e5300267,김후우,남자,1987-1-9,34,9945 인천시 영등포구 28길 
498,9594ea49-9175-4490-915e-5b4b3c053b07,정주훈,여자,2004-4-20,18,2341 세종시 성북구 72길 
499,71d5cc94-02fb-4ac2-969b-a0c605bb9487,윤수원,여자,1986-3-21,34,4455 울산시 성북구 37길 
500,936afed6-5e0e-42a5-9b1e-94654a4c47b2,윤혁찬,남자,1983-4-5,31,6326 대구시 강서구 46길 
501,8991a8b0-9cd1-41d9-8b3c-43fe750936d6,이지재,남자,2001-5-23,20,4764 서울시 구로구 78길 
502,75689cef-f989-4526-a666-a8eea89e8cfa,장현윤,여자,2006-11-27,35,970 인천시 은평구 92길 
503,48c077ed-c70b-4fcc-ad93-3acdecf4def2,정원도,남자,2004-1-8,18,8262 서울시 강남구 71길 
504,95dd0271-aa6f-4c2f-9004-c7f6aca59000,김현현,남자,1996-9-19,33,6204 서울시 중랑구 76길 
505,9e5ef7c3-4ca6-445e-94f9-a1177c643062,조지훈,여자,1994-9-3,38,4705 대전시 용산구 19길 
506,d6d1e08c-4872-4872-85f7-ec3a90b5783b,장호찬,남자,1983-6-23,40,8978 인천시 금천구 78길 
507,d730badd-20db-491d-8b75-2e31d4f7bcbb,조혁민,남자,1986-8-20,28,2108 부산시 중구 21길 
508,e326a8bb-a193-4342-bc4d-464334a8878d,조준준,남자,1992-9-17,37,4342 인천시 노원구 69길 
509,16550209-f053-4b2a-9462-329cc2d738b2,강시선,남자,1983-12-3,41,3567 서울시 광진구 51길 
510,7203f3bd-9e81-493d-a68d-d02aba0aa891,장현효,남자,1983-5-16,18,9126 인천시 은평구 88길 
511,c0b07c0e-6f8b-41cf-b4d5-8eb8cd35fdb5,조효서,여자,1986-1-27,31,4861 울산시 서대문구 27길 
512,47a52c27-cfff-4cbe-b7ce-c1affa297163,정재윤,여자,1988-9-2,39,149 광주시 관악구 88길 
513,732b78de-0968-482f-9322-5f2619a69cfb,윤찬윤,남자,2002-6-14,30,5985 인천시 서대문구 62길 
514,8709fb34-3196-4c5c-826e-4400f15d3bc7,임주리,남자,2009-8-4,17,8923 울산시 용산구 19길 
515,30d27448-85d2-4eac-8d15-0ce585d6eaf9,조수윤,여자,2003-5-26,39,2458 대전시 마포구 59길 
516,56cc8d0b-cd6b-4e79-bc13-01f46ab2e080,김준민,남자,1983-4-4,22,5023 세종시 성북구 90길 
517,0b1208e9-7cce-43e8-856d-169a62b84f39,장진선,남자,1990-11-22,43,9749 울산시 마포구 99길 
518,710938b4-f3c4-48f1-a095-46f1c93080ad,김서효,남자,1986-4-12,37,3446 인천시 중구 45길 
519,e24e1434-cdde-4942-abb4-d8a9ff69da24,한효선,여자,2000-5-27,23,2853 대전시 서대문구 19길 
520,ccdb6838-985a-4f6f-8130-fda5a5c726e5,강호리,여자,1987-8-18,27,7981 서울시 성동구 20길 
521,e368b9f7-910c-49e0-9b18-768e0a599cc1,조시진,남자,2002-5-24,28,8624 세종시 동작구 26길 
522,45a9cd64-d047-4b71-80c5-04fac84c8e93,이원준,여자,1995-10-16,43,5265 광주시 동대문구 23길 
523,5bc5cc73-d735-49d7-8caf-802174ac45ca,한효승,남자,2009-10-31,35,6446 세종시 도봉구 83길 
524,bf6d4bbd-cb9d-4f66-86c1-7c90648f2fdb,한지환,남자,2005-1-19,22,9494 울산시 강북구 6길 
525,21242932-6b2c-4093-9d3e-3b7ef03b1f10,한혁호,남자,2005-8-28,22,4457 울산시 마포구 99길 
526,8d231d4f-5aeb-4393-806a-7898c5faf1e9,임준건,여자,2004-9-28,36,2582 대전시 동대문구 73길 
527,15f414da-87d4-4b5a-97fc-0cdb83600cfc,이하재,남자,1999-7-27,23,3371 서울시 강동구 38길 
528,7136457f-78d3-4087-8a14-cba21d021960,강재준,여자,1986-3-11,24,2362 대전시 성동구 44길 
529,ddd89ea3-a0fa-45d0-b621-6fb266b6340d,이훈윤,남자,1987-5-15,18,7684 인천시 성북구 95길 
530,c0c0f70c-08d8-493f-b536-12b90449fdf2,조우후,남자,1992-3-20,37,9414 서울시 동대문구 97길 
531,bdb9b2a7-63bc-4e14-9d48-2c4ef15e100f,윤갑은,여자,1980-2-21,16,7102 세종시 성동구 97길 
532,8fc6be5d-aeaf-4413-acad-3de0e9d372fb,김혁시,남자,1983-4-18,31,5918 울산시 강북구 56길 
533,2e8d37d4-e9a5-4dca-adc7-23b3a648c4c0,장도리,남자,2004-9-5,34,3902 대전시 성북구 94길 
534,ac893b6d-63f8-43cd-abdf-6d03a7b39495,한환재,여자,1987-2-24,14,8062 울산시 강남구 17길 
535,7bf9061e-b664-4f81-9362-a85ba67f1432,강도우,여자,1997-10-17,29,2500 인천시 강동구 36길 
536,d5bef32c-3c71-419c-ab87-7847bf70257f,박서호,여자,2007-3-19,28,9101 대구시 동작구 79길 
537,b63148b9-2f01-4aa2-89c0-8fb7f904558a,최원재,여자,2009-10-13,32,8841 부산시 은평구 18길 
538,94da344b-2722-424b-af81-1d7a2cee9872,장준선,남자,1997-6-30,22,7125 대구시 동작구 56길 
539,1cb2331e-22e4-497a-9e03-e6930bc07d55,박현연,남자,2004-9-16,37,3936 부산시 성동구 87길 
540,b1d43b2a-d953-4573-8712-4206af309dcc,박윤우,남자,1988-7-9,36,2220 부산시 금천구 83길 
541,7f02de49-5f49-4cbd-8cf7-82ee835c272f,한후현,남자,2007-5-26,21,6297 세종시 용산구 100길 
542,261dba7b-a32d-48c5-8949-644628f1b9f9,최도민,남자,2006-8-5,40,9445 인천시 중구 66길 
543,c77a99b6-8da6-456b-9bf8-b96ecc186f3d,윤리재,여자,1990-9-2,23,5826 대전시 구로구 71길 
544,d767383b-d87b-4e43-a115-d9c9bb4c605c,조예연,남자,1984-2-26,32,5249 광주시 동작구 40길 
545,2723daa0-fc2d-42ed-8c1a-decf6cfa144c,최찬시,남자,1983-11-25,28,4066 서울시 동대문구 66길 
546,d0182065-41ae-461b-bd3e-d3baf2df8d0f,최민지,여자,2000-10-8,24,2027 인천시 강북구 18길 
547,6bb9de69-fac2-416d-8ebe-bb9ed3af9760,임갑원,여자,1994-4-8,36,7806 광주시 중랑구 60길 
548,cb3e59c8-d5ce-41f1-926d-15622c0976a9,윤도호,여자,1999-6-13,40,8141 세종시 도봉구 62길 
549,c450b0cf-45de-4db9-a3dc-a53b39c0ba99,한서후,여자,1983-1-3,38,3841 세종시 양천구 30길 
550,95dda10e-79f7-46a5-8e72-876c484305cf,윤선재,여자,2009-1-31,24,3918 부산시 강남구 37길 
551,8d1c0685-36e2-4ac2-883b-45cdf54d0378,임찬재,여자,1997-8-11,33,6850 부산시 구로구 58길 
552,eb17cffd-a2c8-48bd-8b80-ca1eb973f93f,윤찬하,여자,2008-1-30,35,3289 울산시 강동구 100길 
553,3d6fb684-cfe5-433f-9450-87c62c1f1f8e,박서하,여자,1997-8-28,18,100 세종시 강서구 24길 
554,5152d275-04e4-439d-bedb-e55cd390e74e,이현승,여자,2008-11-27,36,1349 광주시 성동구 25길 
555,7991866a-9556-4e66-a450-6c237a29f9c6,한준민,여자,1997-8-9,19,76 대전시 중랑구 13길 
556,82984961-5fa8-4107-afae-4010619c5764,윤호현,여자,1988-4-25,18,8821 울산시 종로구 73길 
557,289ede86-e327-4c16-b678-033fe4921acd,윤민건,여자,1987-10-14,28,7507 광주시 성북구 13길 
558,924666d1-cee8-4af7-a395-cc0ef0eb3c67,윤하유,남자,1984-9-24,22,5444 대구시 구로구 7길 
559,6f6f8a6b-1adc-4933-abc7-3a5331aa0bfb,윤은후,여자,2004-5-10,21,4377 부산시 강남구 37길 
560,cb0fc9ae-36ca-4666-abea-cfda87f87fe9,강혁현,여자,1983-6-24,41,3090 대구시 중랑구 66길 
561,dea14e2c-3db9-4f3a-a43b-806e92ed53dc,정유준,남자,1982-12-23,41,2206 광주시 송파구 39길 
562,6c93a0d4-8409-443c-bf99-171c24586b99,임환민,남자,1996-9-12,16,5349 광주시 동작구 96길 
563,704a00f7-d68b-448e-a6b6-e61ed31803ca,장준준,여자,1984-8-15,29,796 인천시 성북구 7길 
564,da450dda-ee87-4b4c-b13c-d8d9ace7f993,박도준,남자,1995-8-10,32,7060 세종시 동작구 45길 
565,410c4c43-8b52-47b2-ace8-b7326b65391c,이준수,여자,2009-4-29,41,741 대전시 은평구 83길 
566,a4390fc6-1fa8-4c1d-9b6b-1cbfd1147475,장진지,남자,2002-10-12,32,1388 울산시 중구 8길 
567,638fd556-bbf3-4c4d-b2e4-8a652c034432,윤민윤,여자,2008-7-9,16,5661 대전시 은평구 85길 
568,b5d29a09-5405-4a4b-9e2c-f55f5ddd7eb8,한재지,남자,1989-5-29,20,7565 대전시 동작구 55길 
569,350c545b-4f45-4153-89ec-7f2bfb9d3140,정하진,여자,1983-2-27,39,1909 서울시 종로구 60길 
570,809eff0e-2520-436f-a663-f54de1afb0b6,한하찬,여자,1985-5-23,22,9951 인천시 영등포구 41길 
571,67ccab89-a253-4361-85c2-ef7d6367da9b,한시건,여자,2005-6-30,22,4890 인천시 광진구 31길 
572,66122e38-573c-419a-98a3-e44a78c14109,강하수,남자,1985-1-5,43,871 서울시 강서구 72길 
573,75b99d03-b691-44a5-8e38-6d7ddf49a846,최환유,여자,1988-1-23,15,4892 울산시 관악구 100길 
574,025908e9-5ba7-4f93-99d6-d9ed1d02a54b,임은도,남자,2001-3-24,36,5471 부산시 양천구 85길 
575,45cb8065-86c2-457c-ac49-7ce4adb4be02,임민윤,여자,1985-3-16,18,6362 인천시 성북구 59길 
576,b17d4e63-1398-459a-ad44-b86905dbcc7b,박후환,남자,2006-8-14,36,6210 광주시 양천구 81길 
577,f7997600-f9df-4e6b-b0d1-f381e18be4c9,임준우,여자,1989-9-8,30,2987 대전시 송파구 72길 
578,9bb4c038-84ea-4b7f-889e-008017e836b7,임갑환,남자,2006-3-18,16,8370 광주시 송파구 30길 
579,efd2e848-4a78-47ed-a06b-111f2956a1af,이주승,여자,1989-2-7,25,4595 부산시 성동구 97길 
580,6f345ab6-5e07-40aa-a6e2-9ec9739739a1,강하도,남자,1997-11-24,36,2805 서울시 용산구 50길 
581,c41fe5bb-e1fe-4900-8839-b6e13d703a9d,조수현,남자,2002-11-10,37,9922 광주시 송파구 40길 
582,0662f675-79c2-4c40-b324-c0a6c9e532d7,김하준,여자,1983-7-6,24,8213 서울시 종로구 91길 
583,b0d942d4-89dd-4d61-bedb-323edcfa61d7,강현혁,남자,1984-3-22,18,1164 부산시 도봉구 65길 
584,aa3025eb-033a-404e-bcde-77593d6d8a52,임리승,남자,1984-9-7,27,8742 울산시 강서구 99길 
585,cd20dd34-0db0-41b5-a224-61337a9b8ae2,한현갑,여자,1993-5-2,33,3637 울산시 구로구 34길 
586,d208a15d-4213-4d7b-8923-3d3deafd75cc,조하건,여자,2007-2-14,31,2471 인천시 강동구 53길 
587,2d8168f1-67f7-4ab3-b6e9-30128a495ec0,정훈갑,여자,1999-1-26,24,4813 세종시 양천구 33길 
588,9efa95d9-9f19-48fe-910b-164508de4a13,정도혁,남자,1991-6-18,29,8407 대구시 은평구 20길 
589,ff954265-c1fd-4f40-aef8-db549656daa5,김주지,여자,1995-3-10,24,522 부산시 서초구 71길 
590,05308678-6e68-4e5a-95f1-071e97cccfea,임선도,여자,1988-3-12,25,5528 서울시 양천구 70길 
591,858844e4-3090-4d9c-a914-1b3b1e89d9ee,강준은,남자,2005-8-1,36,3429 인천시 강서구 57길 
592,11632597-c410-456c-bf2f-547238cda9ae,김재건,여자,2009-9-20,35,9720 인천시 관악구 96길 
593,34cc204d-c332-476b-b61a-492c615a1d25,윤환환,남자,1991-7-18,21,1347 대구시 금천구 64길 
594,7555f121-a07e-4585-84d9-d071b7471ee3,강현윤,남자,1980-9-24,24,1669 대구시 강동구 97길 
595,ccba94d5-4e3e-4779-8807-2679b980bd2a,임환은,여자,2006-10-24,29,7935 울산시 중구 58길 
596,928ee1c9-4619-4b2e-bd14-c037d0c7ad07,정건갑,여자,1983-1-23,26,1100 울산시 동작구 53길 
597,b8e1e5a5-1652-4563-8026-46d77480a0ad,윤연유,남자,1991-6-1,31,9393 광주시 서대문구 46길 
598,895201a4-6be1-4df3-8261-46786389eefa,장환준,남자,1996-2-17,23,2486 대구시 서초구 8길 
599,de5a325a-3966-4e6b-ae0b-743bdfbd31b7,최갑윤,여자,1991-8-26,36,3331 부산시 성동구 15길 
600,9433bf6e-3162-4153-8a93-964d06aa9146,이승준,여자,1990-4-16,30,4944 세종시 서대문구 7길 
601,a41c3f90-4714-47ff-9f03-256a97b9258d,김찬진,여자,1991-9-21,33,7882 대전시 성동구 100길 
602,df813f7f-6fe6-4173-9fec-b0509c600600,윤은민,남자,2005-11-17,36,4251 서울시 중구 69길 
603,8447c27b-740d-491f-8a79-fa6a04aebfef,윤준훈,여자,2001-11-6,23,7145 대구시 동대문구 91길 
604,9d0fce6a-422a-4190-b161-83ec509efd82,임도주,남자,1988-10-2,43,2263 대전시 종로구 89길 
605,4dfead27-c824-4462-8691-3fbd64d4f645,장갑지,여자,2009-2-22,36,5717 대전시 중랑구 16길 
606,a0dd4ca0-3afc-47ae-9c9d-4179d319daae,윤우리,여자,1986-10-7,27,3715 인천시 중랑구 62길 
607,a09a7f54-e9d6-4c32-8f27-bb30a58193f1,김민하,여자,1984-3-23,21,6120 서울시 강동구 74길 
608,588ed331-064c-4d3f-ae7a-52da1af9fbee,정혁시,남자,2008-6-23,23,9181 울산시 서초구 15길 
609,6fbf9801-55df-4760-96fe-b92cb22cca40,정현호,남자,1981-10-18,33,1660 울산시 양천구 46길 
610,1d50207c-7399-4d79-83c7-d227897c0985,윤예리,남자,1990-3-5,24,2513 울산시 양천구 23길 
611,b541a76f-aa63-47d4-b968-636b965b7a03,임예지,남자,2002-1-6,29,6772 세종시 성동구 77길 
612,39296465-001c-49d5-bcb5-04979ec90337,이효갑,여자,1984-2-6,18,8252 서울시 용산구 91길 
613,79400c36-e294-493e-88a1-8b53a0b6c440,윤서재,여자,1987-12-3,31,4473 세종시 양천구 9길 
614,c10b7c2b-ab7f-43e7-a950-f72ce8fe354a,조우연,남자,2009-12-13,14,478 세종시 서대문구 45길 
615,f7675bbf-6971-40af-8159-e7f362145309,조민우,여자,2009-10-11,23,91 부산시 강서구 25길 
616,ec450c7e-5e0b-434d-a63f-d976ea5bd430,김민훈,여자,1996-6-16,32,9697 세종시 중구 26길 
617,56bef063-e5a5-434c-9383-87fe42c55b1e,박우재,남자,1984-5-8,34,8277 대전시 노원구 79길 
618,c11b8b7c-f917-4699-8f58-83c3693c6f9f,조혁유,여자,2008-11-26,41,119 인천시 강북구 40길 
619,ec531b2d-ff2c-47af-8118-e1baa49dbca4,임훈주,여자,1997-4-3,32,4728 울산시 중구 51길 
620,564e42d2-38d6-4e46-b436-3248b0c7a8cb,장훈지,여자,1990-1-24,34,9451 서울시 성동구 42길 
621,acd65a98-c5b1-4996-9ecd-55a358e69336,김재예,여자,2007-2-12,30,2466 서울시 은평구 13길 
622,ceded06e-2682-4025-9783-ee673b849114,정효은,여자,2006-7-22,27,4938 인천시 중랑구 71길 
623,10daa7ec-2461-4e93-99fd-96f3b154bb17,장도준,여자,1988-5-27,39,4435 울산시 서초구 10길 
624,727c506c-9fd2-440b-8e48-04b8dc73edac,조서진,여자,1980-12-30,26,2499 서울시 도봉구 44길 
625,e5dc886f-ce52-4fdf-af9c-d690d9d4a378,최환후,여자,1984-9-11,31,9838 세종시 강남구 14길 
626,59a9f155-f090-4f47-9651-e510e0016ceb,박훈지,여자,2002-8-1,27,3926 인천시 도봉구 26길 
627,4c124112-64f1-4572-8b5d-1898f5703a64,정도훈,여자,1996-7-21,16,5419 울산시 은평구 86길 
628,49fedccd-6a9a-4d86-8df2-7fb456105a28,박원시,남자,1995-5-6,37,1561 서울시 노원구 42길 
629,f7126dbe-bc01-4605-9489-6d4ddee268a3,강훈지,여자,1991-1-26,28,4343 광주시 중구 36길 
630,4f62c37f-99ef-47ea-9f4f-fedd9c67196b,조건현,남자,1998-6-13,37,8377 부산시 강동구 45길 
631,29d1d736-cb98-414b-a8af-f9d23205c090,윤훈은,여자,1987-6-7,43,7166 대구시 용산구 16길 
632,1cceee9f-2145-4d14-a3cc-8e4df7d29657,정호진,남자,2006-3-16,24,2138 세종시 동대문구 34길 
633,8d09aaf0-5bf4-445c-879e-6c1a5d57ba18,이지승,여자,1989-12-14,39,9778 부산시 강북구 57길 
634,970f56be-90c3-4817-b7f9-019fa2b26e5c,박민찬,여자,1992-7-30,40,6602 울산시 영등포구 4길 
635,0997a786-7004-4e87-836a-1788c45d5b9f,장지진,남자,2004-2-7,30,7380 광주시 서초구 32길 
636,29ab0a89-568c-43e4-bf72-9af67caa433a,임지준,여자,1992-9-26,16,70 인천시 강북구 21길 
637,8357deb5-465f-46c3-8116-603fe36175cc,임혁연,여자,1984-7-17,29,2337 광주시 종로구 23길 
638,3e0868df-1c55-4393-b91f-170f9918aab9,박민준,남자,2009-5-27,18,1031 광주시 성북구 22길 
639,213beec8-536e-44bb-a45e-3fdeaabb9044,한도현,남자,1983-1-8,15,1372 서울시 동작구 26길 
640,ea859a78-f70c-4de4-9880-4b74ae7bab0f,임건원,여자,1985-7-4,17,9365 대구시 성북구 88길 
641,771cc6af-5145-44ee-88eb-c798b5ff5b65,강지주,여자,1981-7-6,21,8454 울산시 송파구 23길 
642,054228fb-7075-4d2a-b188-372ef4c4d7ea,이준준,여자,2009-5-14,36,6021 대구시 구로구 46길 
643,51337f15-e937-4323-a693-81dbc070b514,최리원,남자,1995-1-20,25,6591 대전시 용산구 88길 
644,f7ecdc15-d19f-4491-aa1c-3ad3d6dbdc60,김도환,남자,1995-10-16,16,2362 광주시 광진구 8길 
645,56013e60-0f54-4251-84a3-264269f702ac,김지민,여자,1995-1-11,24,2809 대전시 동작구 1길 
646,ef125e73-8a4b-4911-8547-c77488211fa0,장민원,남자,1997-3-7,24,8746 울산시 중구 100길 
647,c39cdb8e-7bcb-41e3-bb59-c556277d1385,최진도,여자,1985-6-6,41,2111 세종시 강서구 30길 
648,9392bb5b-5b46-44dd-b15b-2376c6a4be75,장수승,남자,2002-2-24,19,6276 인천시 서대문구 94길 
649,4c71f7bd-65e9-40f5-b587-c1b4edf32b37,정승효,남자,1990-4-20,19,9978 광주시 강동구 30길 
650,734bc7b9-3aa1-466f-a0bd-e6b419a35770,김서후,여자,1988-11-10,34,1450 울산시 마포구 48길 
651,86d37f84-3122-47e6-a71c-9a97d123086b,최훈수,여자,2005-7-8,31,887 대구시 중구 86길 
652,ba504a17-9962-4194-b809-3d491a5b9870,장후수,여자,1985-11-14,35,971 부산시 송파구 37길 
653,c6c94535-ce5f-47b6-8aac-6f3f70dc4efe,장재원,여자,1995-2-2,31,3132 서울시 강남구 54길 
654,b0a3dd64-6b27-4e2d-ab2d-33c35a7e3556,한승리,여자,1998-12-23,22,1306 대전시 관악구 68길 
655,a061ce0b-d2ee-4d8f-9c82-f5399f3694e0,김진원,여자,2007-2-18,17,8681 부산시 동대문구 9길 
656,96475225-0b8a-4cc5-9f0c-6a4134cc7278,박지리,남자,2005-10-30,38,143 부산시 도봉구 92길 
657,3816785b-6c9d-42e5-ac6a-0da9649de700,한환리,남자,1980-11-27,17,8651 서울시 강남구 74길 
658,d7520b22-235a-4cdb-9a65-4b42ae8c6176,한준후,여자,2009-2-8,31,7363 울산시 관악구 85길 
659,0e12af61-4354-4fd7-a19d-c976a8ae82e1,임후서,남자,1993-4-1,33,3586 광주시 동작구 27길 
660,23338118-118f-4687-a3cd-fa5d37e767c9,강승진,남자,1994-10-27,25,5139 대전시 관악구 88길 
661,fa5bd1b9-3b68-4a90-a114-43b650f7d3d7,장유은,남자,2008-8-5,37,5679 울산시 영등포구 81길 
662,a24dc16c-c355-42ef-84cb-56eeb0e22d21,조현예,남자,1989-6-13,16,8050 대전시 중랑구 3길 
663,e9ccd52f-26aa-49eb-9cf0-b5a966c7c617,조유윤,남자,1990-12-29,37,7464 광주시 구로구 33길 
664,8913fe43-1641-42a6-8a6c-c5fd7a5cd07e,한재준,여자,2002-12-22,25,6781 세종시 금천구 87길 
665,51fd8fd3-ec95-45a9-9ab4-fad20cb86170,정현후,여자,1995-5-6,31,5202 부산시 용산구 46길 
666,014a701e-fdb8-48c3-b4dd-eed8e0302ff4,박주지,여자,2001-9-11,33,1361 인천시 성동구 21길 
667,cfb43e94-8f86-43a9-b55c-6d548e9d48e2,김윤연,여자,1981-5-22,32,4764 울산시 마포구 78길 
668,4cc69acf-9fe7-4da1-8eb3-85090c3bb321,정찬하,남자,1982-8-10,31,8189 대전시 강남구 39길 
669,8deee436-e15e-46d0-ac1c-8194acd5ebcb,강준원,여자,1996-1-25,32,1708 광주시 도봉구 85길 
670,8e50bcf1-6634-48eb-8010-2a239a6633e1,이승시,여자,1990-3-4,43,4370 대전시 강서구 24길 
671,53f1648a-6b3a-43f7-b2a6-69072442992b,조환진,남자,1992-11-8,36,8155 서울시 양천구 49길 
672,6b7b8bae-7bcf-4af5-bf8c-92c183fff4ff,한준우,여자,1980-6-9,22,9881 부산시 마포구 27길 
673,01150f3d-9953-4a33-9e4b-09369fc9d49d,최민혁,남자,1994-10-1,18,740 세종시 송파구 74길 
674,7dd2bc8a-b0c2-42b2-aaf6-d9471d6a2383,정재원,여자,1986-1-28,40,1246 울산시 강남구 56길 
675,452f615f-c36b-49c5-be0a-68279469b7e0,이은주,남자,1991-10-16,15,6506 대전시 도봉구 91길 
676,db3c2b40-3abf-4bc5-8080-aef484283b1f,이혁우,남자,2006-8-19,16,771 서울시 중구 16길 
677,ae359f6c-f0c6-49c9-b7de-5d12540ed278,최혁승,여자,1990-12-21,21,2366 대전시 금천구 50길 
678,f7ee3f4b-5d17-4f8a-ac47-5bcbba865597,조효진,여자,1987-7-6,29,5615 대구시 영등포구 44길 
679,0deeee33-4a89-4226-8e42-521547c41aee,박진도,남자,2007-3-10,41,6796 부산시 종로구 81길 
680,d0aefd23-45e6-4af2-ac3f-25d6842d2f4d,윤후원,남자,1987-2-13,43,6179 인천시 은평구 37길 
681,d74631dd-3c23-42be-a6d0-24d9224fa875,정지수,남자,1989-8-23,22,6505 서울시 동작구 71길 
682,ba782aa1-d1e1-4da0-ae58-81ba3580699d,김호연,남자,1993-10-30,37,1042 서울시 강남구 42길 
683,41130e77-0696-4f93-b4a4-c15c20d0d8ad,박후서,여자,1995-9-28,32,2607 인천시 성북구 43길 
684,9473c6cf-ba5b-4022-820b-ccf5d8a48994,강윤환,여자,2002-2-2,37,5319 서울시 영등포구 33길 
685,5c720eec-eb2d-4cb9-b187-60b3a81e523e,이환리,여자,1991-1-17,41,6830 대전시 중구 95길 
686,2c8ef9e2-c194-492c-886a-83b19c5231b6,정재민,여자,1992-2-23,23,4820 울산시 동대문구 61길 
687,04e19877-de2a-41f4-a19f-02e813f3b21e,한준예,여자,1980-10-17,18,4921 서울시 성동구 85길 
688,e77326e7-3d1f-4452-b377-2700e8de93e2,한예원,여자,2002-12-6,28,6070 인천시 동작구 33길 
689,5aa79f6e-fe01-4986-8d38-1e5b8288863b,이준서,남자,2009-11-13,43,8237 광주시 금천구 52길 
690,39d93b28-ed30-4ce9-aa9c-c6d0ce7051e1,임윤우,남자,2009-5-2,26,7889 인천시 광진구 92길 
691,445ec80d-3aaa-4428-9d0c-493e94ac6b39,임건수,여자,1982-5-29,19,1036 부산시 마포구 84길 
692,d4a7427c-2373-45d8-a743-515fc7be56bb,최준도,여자,2003-4-27,19,1681 대전시 동대문구 61길 
693,c79f33b6-ec20-40a6-91d8-11fe835976be,박시민,남자,1995-7-6,21,5241 대전시 도봉구 77길 
694,f7582f3b-751d-45d2-897e-1efb568da82a,윤준준,여자,1980-8-24,33,1935 울산시 마포구 49길 
695,38fe909c-d2d6-4a56-9f5d-f2604683d12c,조시수,남자,1989-3-15,30,6207 인천시 중랑구 19길 
696,39f1f6e3-0397-44af-be5c-198501ad686a,윤지환,남자,1985-5-10,42,4868 광주시 성동구 44길 
697,0da468ad-fe96-41f9-9a99-805c2f2837b2,윤후재,남자,1998-5-8,34,2673 대전시 양천구 91길 
698,4806267e-df28-470f-86f1-af324e1de2c2,정진현,남자,1995-9-21,36,2171 대전시 강남구 48길 
699,531f12f1-ee23-4e9c-aa14-8ea50f5ff290,정예하,여자,1987-9-28,38,4566 서울시 용산구 82길 
700,67750963-6aff-42ef-8d5f-d9b9e2085e9c,최준진,여자,2009-7-7,40,6594 광주시 도봉구 26길 
701,6667ea4b-7e32-4fb8-88cf-bc2eac114da6,한승원,남자,1986-6-23,28,8902 부산시 중구 76길 
702,d35e2cb9-2884-4a1d-83c3-f664f013c863,박후민,여자,1987-4-22,31,3938 대구시 도봉구 27길 
703,34a597f5-cb66-49be-b768-6672b59aac0e,정지은,남자,2009-6-3,31,3023 부산시 동대문구 97길 
704,b1e107ed-0e61-455c-bb50-f0b9bbe999f1,윤리서,남자,1997-3-9,27,2383 인천시 성동구 10길 
705,2e3ce64f-f2cf-4e74-9770-ae7a79fee015,박재찬,여자,1980-5-14,23,4036 울산시 서대문구 32길 
706,05ab2964-d28b-4d9c-8118-f5b045f0d867,최갑민,남자,1999-2-5,25,6747 세종시 중랑구 38길 
707,b67e33fb-d265-4b49-8b21-ab17df8bbd86,조윤진,여자,1997-11-27,21,4913 대전시 성북구 61길 
708,da57b4e6-644c-4fea-93cf-567f44e87105,조민호,남자,1983-9-17,17,4151 세종시 강북구 65길 
709,8f6c94a9-efe3-4001-8ad5-75a86842d244,윤수찬,남자,1986-11-17,29,2671 서울시 강북구 12길 
710,8a5e1cb8-bf15-4d22-abad-51be87214c94,김혁재,남자,2000-6-21,16,3038 부산시 동작구 91길 
711,58f3e7fc-1a64-40ed-a96d-4142396bd05d,조건재,남자,1998-10-4,27,2645 서울시 마포구 37길 
712,fb14feba-7e05-472a-b6ef-db8f91376c18,조연도,남자,2002-4-29,16,8012 세종시 송파구 13길 
713,cd52ac49-9b09-4f1d-b28f-f59ff0071fc6,박환원,남자,2004-3-19,20,554 울산시 마포구 11길 
714,205513f7-5a82-425f-946c-4f837beae182,정준현,여자,2002-4-8,33,1345 광주시 강서구 53길 
715,9d295dcd-68a1-46b1-b270-d031c02fcf51,이연갑,여자,1992-12-28,41,9660 부산시 강남구 83길 
716,7e79eeab-704b-4909-a269-8d02807363ca,조갑찬,남자,2004-6-15,37,1310 부산시 서초구 13길 
717,9bfae489-3208-47e4-814a-5d41023d38d6,조효민,여자,1988-3-12,42,1782 광주시 중랑구 14길 
718,7e1c17f2-b8db-48c8-a557-34208be19866,한수찬,남자,1993-12-19,24,3823 인천시 송파구 95길 
719,917c0c39-674e-43be-9ad2-17b54101511c,김서유,여자,1998-10-30,16,4257 서울시 용산구 58길 
720,a469878b-922c-4c98-9eba-361253822c5c,최민진,남자,2001-11-17,26,7389 부산시 영등포구 45길 
721,7ef07e14-3a21-4c76-8c15-93a81f08a628,박준후,여자,1985-5-17,38,1856 울산시 영등포구 88길 
722,f4d00742-f46f-4b4b-bc20-6173a8fea0fa,강연리,남자,1993-12-10,33,2288 대전시 강북구 60길 
723,f9b48272-fd0b-4a9b-8355-b22471a32b93,임서연,남자,1998-9-12,34,8523 광주시 강서구 35길 
724,c148078c-c91b-4092-8220-5d9e01899adb,최효호,여자,2005-7-16,21,1739 광주시 서대문구 64길 
725,00a00cab-4b6a-4d76-805b-8fb0390a3813,한윤준,남자,1989-2-7,19,92 인천시 서대문구 45길 
726,4ab3cf83-0bd4-4b6e-96f2-84d5f0b5e0a7,임효원,남자,1982-3-7,19,9851 대구시 강서구 65길 
727,0fba33f3-ccb9-4e26-a8c2-baf1028695fe,정호지,남자,2005-5-1,40,397 세종시 성동구 35길 
728,46a8d83d-536d-4a5c-9faf-37bddc19edb6,임환유,남자,1998-2-26,43,6511 대전시 서초구 17길 
729,a91b0bcf-c955-4511-ba15-b03ececf09c3,강효수,여자,2002-3-25,14,2039 부산시 관악구 95길 
730,3f903f90-d44d-48f1-b786-98e875643216,윤원현,여자,1999-1-5,18,3432 서울시 마포구 64길 
731,f137eb82-fdd2-4ae5-8738-954fca3e3ea6,강효민,남자,1980-4-15,18,3536 대구시 서초구 96길 
732,4f544f47-4723-4f70-bb00-4093dace7992,윤윤도,여자,2006-3-10,24,4973 울산시 서대문구 22길 
733,76b163d7-e27f-4090-926e-f53dfe7e19a4,최지준,여자,1997-12-7,28,7553 울산시 양천구 12길 
734,29a04f56-85c1-49a8-bad1-895724abdc64,윤갑예,남자,1989-7-7,26,2943 울산시 강서구 15길 
735,22887e20-6a7b-4a75-b981-c2e35c97d093,윤유현,여자,1987-3-30,27,5287 서울시 영등포구 15길 
736,d1272bbe-9fe2-44e0-93a2-f24ee207d5c9,박호후,여자,1984-5-23,39,6734 세종시 동작구 83길 
737,15567ef0-bd86-4038-9352-2b4100d91015,김수건,여자,1991-3-23,42,7432 광주시 관악구 94길 
738,b80a8b1e-0c6c-41d0-9c7d-2906c9d304ca,조민현,남자,1982-8-3,33,3497 대전시 강동구 88길 
739,a9061b91-5060-49e7-9656-27022a15e8d8,임현유,여자,2000-11-21,35,9699 부산시 은평구 9길 
740,09d2723d-7a48-47ad-9fae-f25706625773,정민시,남자,1999-9-21,37,9177 서울시 송파구 10길 
741,c54705a0-2dfa-4465-b214-ab39d41be597,강혁서,남자,1998-2-13,35,3136 대전시 금천구 23길 
742,e6d49d7e-74f7-489e-a3db-0bf5adbf973a,윤갑환,남자,1985-2-17,34,3468 부산시 강서구 80길 
743,99080ae6-ca9c-4dcb-af33-9f6a60e5d442,윤연갑,남자,1993-1-28,41,7023 부산시 송파구 51길 
744,f4998152-638c-4ac6-b8bc-281d14d851f7,강진효,여자,1988-6-30,25,5821 세종시 성북구 85길 
745,c631453b-7aeb-4db3-909f-9f9ccdb43a73,장민예,남자,1986-3-21,24,6468 부산시 강동구 14길 
746,7187c829-6e0d-457b-931a-3b1dfcf68d2c,강호혁,여자,2001-3-16,43,3276 서울시 은평구 54길 
747,15d108a7-7b7f-4157-b776-8281ba397d21,박민준,여자,2007-8-3,15,9639 세종시 금천구 53길 
748,66fe43b7-3aff-4eed-8fba-13ae4027fcbf,최수찬,여자,1986-5-22,29,2853 대구시 은평구 25길 
749,45785183-6f2d-4637-acd9-4f4eb36a2153,박수현,남자,1997-8-1,35,7250 울산시 강서구 3길 
750,573a5cce-5c8d-4e50-a01f-48825ee0fa58,임현갑,남자,1999-7-21,19,2515 울산시 강서구 21길 
751,3d80ec98-f883-4e72-8ab7-7baaf54c78c0,박리진,여자,2000-7-12,26,9534 인천시 성북구 16길 
752,9821e74d-fbfd-40fc-beb9-2a039789eaa2,이후리,남자,1987-11-26,21,4722 세종시 양천구 44길 
753,3d7fda0b-10ea-4821-a481-308866d9c342,강민현,남자,2007-4-24,43,8540 부산시 영등포구 34길 
754,297f567d-66f9-47d7-983c-5327d45366ae,이건민,남자,1992-9-16,31,3159 인천시 송파구 70길 
755,e0020468-6a2a-4728-aea3-52cc56c05069,윤환지,여자,1988-2-26,20,4141 대구시 서초구 10길 
756,603df5c8-8ace-4cf6-9163-140c5f39bbea,한효진,여자,2009-5-19,21,8995 광주시 양천구 48길 
757,e0efdcc2-82c9-4686-b4d8-b200bf44d70b,이현재,남자,1993-8-12,21,6730 대전시 서대문구 16길 
758,ee8bb23d-93b9-4f04-91f9-f673778ab644,한효호,여자,1998-11-16,42,8629 서울시 송파구 77길 
759,0d520a12-59d5-411d-9a31-57991c27ddab,정효원,남자,1986-7-4,15,5495 세종시 구로구 1길 
760,cfa5f29b-739a-483d-bcc7-e471ed28e561,정리선,여자,2003-6-24,19,5055 대전시 구로구 90길 
761,cba9d376-583d-4b66-9499-2801ae0b8138,박후리,여자,2001-2-12,21,2162 대전시 관악구 29길 
762,7c560c05-499a-4c36-9291-16c1685e289d,이훈현,남자,2005-12-28,38,9630 울산시 노원구 94길 
763,cc82776b-1d33-4ed8-a359-9f9291dc59ca,김찬환,남자,2003-9-28,16,3497 세종시 노원구 3길 
764,97bbcbfd-11ce-4ac6-81b3-bba10eaad176,정우우,남자,1980-4-10,29,7980 서울시 성동구 86길 
765,d4589615-1e88-4ea7-a03c-7065efb3a233,이윤우,남자,1993-11-29,43,5288 세종시 은평구 58길 
766,349d6179-c368-496b-b8a5-6831cbdf93ec,한훈호,여자,1985-7-24,38,7353 인천시 도봉구 22길 
767,01700f9f-f7c4-4f18-b771-5ba533d4a40c,강현하,남자,1999-11-2,43,3972 부산시 서대문구 44길 
768,4663fee8-cd91-4d00-bd29-48ca17d39c4d,임환현,남자,1993-3-20,43,9148 대구시 강서구 81길 
769,45b4c5b5-4094-4932-a257-ef505bcc9c6f,이진현,남자,1998-1-10,30,6129 서울시 은평구 94길 
770,b080e2ec-b7e6-4669-bb1f-bc2ff9b76add,강후재,여자,1996-3-19,31,65 세종시 용산구 18길 
771,72d7605e-3ab0-412f-b5fd-bb14cfdeb102,최후은,여자,2002-9-23,31,6771 대전시 금천구 24길 
772,95377865-bbe8-4b8c-a04b-7ca8b1663aff,조혁원,남자,1988-4-5,21,6581 광주시 도봉구 77길 
773,db264ff6-398d-44b4-84e3-d90f69ca5abd,장지원,여자,1982-7-15,35,4047 서울시 관악구 68길 
774,9297aa39-9c9d-46d0-ae0c-53ff0730144a,조준혁,남자,1998-6-15,41,879 대전시 도봉구 28길 
775,6d051ba7-df57-43b3-9ebe-09ec03256254,윤도은,남자,2002-5-28,34,7042 부산시 영등포구 85길 
776,34f7994e-e5f4-4f30-9957-b6e5d0b39354,강선우,남자,1996-6-12,18,2324 대구시 마포구 16길 
777,80954164-dff7-4f7e-a6f1-bf9d3961151b,조유도,남자,2008-11-12,19,5271 광주시 종로구 20길 
778,ff7d1fa3-2a34-4292-9b53-3d6b295553e1,박건호,여자,2001-4-20,42,7614 광주시 종로구 54길 
779,0766423f-bdf9-42d7-b322-ab1cbe980fba,윤민수,남자,1997-4-25,15,6822 대구시 중랑구 92길 
780,3443a46e-60ab-4b8e-a779-c435ed113fe8,이환훈,남자,1996-3-15,43,2054 부산시 양천구 65길 
781,977b4824-5aad-431b-ad40-c7d533a9aa4f,최우갑,여자,2009-3-28,34,4821 대전시 송파구 57길 
782,56a1ae36-7c7b-4da9-bec6-2436763f07de,김훈건,여자,1993-4-6,23,1671 광주시 종로구 80길 
783,ddf4c943-927d-4cd4-a079-70c177b5a77c,임윤혁,여자,1994-11-9,40,6436 세종시 중구 74길 
784,53bea89b-6c79-46a7-8123-4c76937b6cbb,조찬찬,여자,2006-5-2,40,2018 광주시 용산구 82길 
785,98d54fdd-ec29-4476-b3c4-dba6bca505fa,조현재,남자,1985-9-3,19,1150 대구시 구로구 29길 
786,c72c05ed-c2ae-4b8a-94e9-3b3e13e59029,강승지,남자,1996-1-22,37,5934 서울시 영등포구 53길 
787,cfc22a48-8508-4462-a1e7-e188f69c438d,김민훈,여자,1990-12-22,18,4051 서울시 강남구 17길 
788,77395d05-9030-4f94-a609-293a8a33541c,장민지,여자,1983-9-28,41,3857 인천시 동대문구 61길 
789,500a2768-df5a-4f2b-9bc2-cc16089517a3,임연예,여자,1998-4-11,34,3426 대구시 서대문구 94길 
790,90900869-27c5-4f72-a3a9-f5a8027bbc5d,김윤지,남자,2005-6-20,36,963 부산시 서초구 96길 
791,b8977f53-5feb-4b6e-91e6-fa97ef392683,김선수,남자,2000-4-6,26,5069 대구시 관악구 5길 
792,7293d8f7-4645-401c-8dfe-135e8cd83b32,김재환,여자,1987-6-7,42,2865 광주시 마포구 9길 
793,339ba28b-e8b8-4faf-aae1-3ef991960d13,최민준,남자,1997-5-4,22,3528 대구시 강동구 67길 
794,12fc8c1e-1c88-4a29-b506-0e4f27dcaf03,임예갑,여자,1985-12-3,37,396 울산시 용산구 31길 
795,5571f62f-18ed-4176-82d9-819558f8f427,박재민,남자,2000-1-14,22,8360 인천시 강동구 59길 
796,c2a3022c-9950-43bf-9041-9339e6e81fbe,한준예,남자,2001-4-23,25,2115 광주시 구로구 36길 
797,3955edb5-ccfb-4644-bbb3-f46fb065cd3d,김지혁,여자,1982-10-8,18,3215 부산시 양천구 88길 
798,eea03531-5ab4-4e5c-a3c3-2f0b9b6b3ba9,임민갑,남자,1999-5-29,40,329 대구시 영등포구 69길 
799,1f34d061-449b-415d-a115-1b61cc15598e,김지환,여자,2005-5-2,32,5167 부산시 은평구 96길 
800,97597919-b9a1-4e16-a743-9cc4e6f5e11a,조도준,여자,2004-11-28,37,8197 대전시 성북구 98길 
801,563b94b7-c6d7-441f-ab3f-8bc62ddeae20,이갑갑,여자,2005-4-13,38,4347 대구시 강남구 19길 
802,4768cdbf-e36f-4783-a2f5-445d4cbcb55d,장재하,남자,1999-10-4,17,678 광주시 금천구 7길 
803,9e7d94c2-4d37-4a8f-8c47-8bdcd0a0b9e3,최훈서,여자,1984-12-22,32,3747 세종시 은평구 16길 
804,feed9ced-7a61-40dd-8a9e-6a31525eb118,조환건,남자,2001-1-13,23,4339 서울시 동대문구 33길 
805,9c1c3e8b-4661-468c-8a7b-36d6e9953136,최은훈,여자,1988-6-1,24,5382 인천시 도봉구 50길 
806,30f33159-e441-4094-b38a-79510a681b33,이건은,여자,2006-3-17,28,9187 세종시 종로구 20길 
807,3c3afb52-7856-40f9-9402-56e5c2d153c6,김효연,남자,1988-8-23,39,4054 서울시 구로구 15길 
808,720e3d49-9472-4d33-b419-b14a7f03f402,한환현,남자,1985-6-24,28,1566 세종시 성북구 45길 
809,15745fd8-1c1d-421f-8efe-b539da74ad97,장환진,남자,1984-11-16,32,7092 대전시 노원구 26길 
810,d181dabd-6122-4498-bd48-495f3b4c858c,김갑주,남자,1996-6-29,36,2353 서울시 송파구 89길 
811,fd609ff0-5718-4232-9f5e-a701b7993e6b,임건환,여자,1980-12-10,43,5911 대구시 용산구 84길 
812,0a5cda1c-4efd-498e-819a-d091d9d630c5,이찬서,여자,1996-5-10,18,5331 대구시 도봉구 64길 
813,a990e1f6-3cb0-494f-ba7d-004cd821c380,장승서,남자,1998-9-11,23,1958 광주시 은평구 27길 
814,570299bc-1a8c-4705-a8bc-3159f32495cb,윤수호,남자,2009-3-24,15,8869 인천시 성동구 63길 
815,9354ffa7-6988-4545-9a02-54d103abd081,최승준,남자,1994-6-8,37,652 대구시 은평구 56길 
816,1a305f3c-25e2-4881-bbd1-051f02d8379e,강시갑,여자,1999-7-16,21,5846 세종시 관악구 80길 
817,db9502df-6c5b-43bb-a6e8-faaeb556340e,한환수,남자,1993-1-3,39,68 세종시 광진구 71길 
818,cac5f775-6d0c-4c64-8c86-1d0d8a04a871,이갑우,여자,2009-1-19,34,1475 대전시 강남구 60길 
819,6a4a31f4-8443-4e31-b8c7-94e6487240fb,장주현,남자,2004-3-15,27,6764 부산시 성동구 11길 
820,3cd22858-edf9-4355-9200-7489559f6f8d,박진수,여자,2003-12-19,36,2661 부산시 구로구 93길 
821,3633d49b-60fe-4c65-bd23-77bba9cdd874,임민윤,남자,1998-9-8,22,9482 울산시 도봉구 1길 
822,7af3970f-3e8d-4fad-808c-4894c173a821,최지윤,여자,1991-5-25,34,9262 대구시 성동구 99길 
823,336f2bcc-56f9-4179-b986-b517721cbbf3,임민현,남자,1994-12-4,39,6945 울산시 도봉구 88길 
824,bf6c8029-1259-4e94-b32e-33a0e9280514,윤수지,남자,2000-8-30,34,8281 대전시 도봉구 54길 
825,fe8e6713-0edb-4830-a952-de432421c2c2,박호지,여자,1989-4-14,39,258 인천시 노원구 85길 
826,c2035b4b-3538-4f4c-a7ee-8bcedb16a675,윤효지,남자,1993-4-23,30,9402 울산시 금천구 23길 
827,bcef2c6f-8aba-4366-8432-1a41d77175bf,김수지,여자,1991-6-2,23,3953 인천시 송파구 95길 
828,b62bb430-0f22-4ab8-8b3f-0faeea415048,최진리,남자,1984-1-14,35,5576 세종시 강서구 43길 
829,554be8f1-b63e-4b7d-ad10-500d634f7955,한주주,남자,1988-5-15,27,1362 울산시 영등포구 73길 
830,e5a6c8c6-e281-4bed-9392-308b8601c8c2,정예서,여자,1986-4-18,31,2289 울산시 동작구 86길 
831,9ab34c23-e906-4fcf-a6bd-d35302b71b6d,강연훈,여자,2007-5-22,34,679 대구시 은평구 99길 
832,11248788-021b-40b8-8bc6-8c3387fc204d,장지훈,여자,2006-1-14,37,1787 서울시 영등포구 53길 
833,b6479636-348b-4e85-9e01-be331382faf9,조진도,여자,2005-6-17,39,8477 울산시 구로구 8길 
834,ee3712e5-ba1d-4403-8f44-63918e6bb747,김갑민,여자,1999-8-23,41,6269 광주시 강남구 2길 
835,ba51f1f8-93dc-4023-8564-30449444457c,정훈혁,남자,1993-7-26,16,9922 대구시 중구 51길 
836,582b2daf-2327-4245-b733-7a7930505ea3,한원건,여자,1997-10-15,16,7148 서울시 광진구 29길 
837,863584d9-606f-432c-b331-b4ecefa5c7d7,조환유,여자,1980-6-4,39,7989 세종시 구로구 30길 
838,01943b61-cffd-457d-a57b-79b987bd25fb,김도혁,여자,1981-11-16,38,5903 광주시 구로구 68길 
839,8a7974ec-b26b-4215-99d8-6ac3a4024e6c,이환호,여자,2006-4-16,15,4368 세종시 영등포구 57길 
840,9769aceb-2146-4f07-9220-92ac71bb4455,임혁리,여자,1981-4-25,19,3098 대전시 광진구 25길 
841,e667e243-39ca-4990-b97e-ff3f1987379c,임지서,여자,1999-12-11,14,5012 울산시 금천구 2길 
842,51cac846-475b-44e4-8266-68f0064a61b2,이환지,남자,1982-2-25,28,1175 부산시 관악구 14길 
843,00e14e08-3539-4e25-8f26-9e0f72805119,윤은혁,남자,2002-1-6,36,229 대전시 노원구 38길 
844,014906db-1113-45cd-ac4a-cc80b32ab419,한우환,남자,1984-3-8,18,5815 부산시 종로구 14길 
845,f92b10e7-2c8a-428c-9f0f-f3e8ca77979c,박민서,여자,1980-3-11,34,614 대전시 노원구 61길 
846,73037e4b-6283-418f-ab03-64ae3ef5752e,윤예진,여자,1994-3-9,15,8029 인천시 금천구 61길 
847,a9206033-dae7-474d-a8f7-01469a032340,이효훈,여자,1993-1-9,16,2029 광주시 영등포구 50길 
848,7d351cea-6f33-4344-a330-0001dc993a23,정지건,남자,1990-1-26,17,1805 인천시 도봉구 42길 
849,689e0c05-6f39-4278-b7b5-acc3e4d288cc,임승은,남자,1990-5-5,27,3496 서울시 중랑구 3길 
850,a6fd3e6e-af90-4f97-83f1-f13b61c6f2a4,한훈민,남자,1986-1-7,40,8045 인천시 강서구 34길 
851,da70c4b8-b7bf-4773-a0cf-2304ae1324be,임민환,남자,1996-11-15,28,8783 대구시 동대문구 68길 
852,c6fbaa85-0454-4e05-b39f-204094017481,최혁지,남자,2008-11-28,32,6867 서울시 중구 48길 
853,bbabdcba-44a6-49bd-b744-410246f48a83,박수지,여자,2003-3-7,39,9089 대구시 강동구 85길 
854,afef1459-43af-49e7-bb1f-d61b91220861,장갑건,남자,2007-10-5,22,659 대전시 강서구 80길 
855,afd0d6c4-513a-4ec8-a386-274765bca3be,정유환,남자,2002-9-5,37,893 서울시 광진구 39길 
856,8ca516ac-d135-432f-9453-eecf2c815bd3,윤진승,여자,1993-8-2,31,3891 대전시 서초구 6길 
857,228130a4-4a06-4c0e-afe5-257527eab4b2,이재지,여자,1989-11-3,18,9837 대구시 중랑구 86길 
858,9508cc48-b0a1-4a6f-b4e4-d5c1a6158561,한예진,남자,2000-7-23,22,6760 세종시 서초구 60길 
859,36830560-48c2-45d3-bc3d-fad0686c7e53,이지현,여자,1999-6-11,42,1594 서울시 은평구 71길 
860,84b6c6bb-eaac-4cda-adf5-fdeaaa5bc197,강유우,여자,2005-6-1,27,1012 대구시 용산구 15길 
861,bd40ea36-431e-4839-81f0-0ed0cde58e25,이후서,여자,2009-4-24,25,603 세종시 강동구 93길 
862,3ec45c64-1a52-46ee-bbba-6c02e67f6c48,한후서,여자,1985-12-3,23,3030 울산시 동작구 61길 
863,cb30596e-bc98-4ebc-ba42-6bb79e382a83,장은선,남자,1986-8-18,19,3046 대구시 서대문구 71길 
864,8f81d9f1-1524-43b0-aec9-1e3b2e6171c6,최후환,여자,1996-5-21,37,5089 세종시 송파구 34길 
865,65a5b08a-c957-4896-9913-ed8d7f08f1f2,정후준,남자,1984-7-8,40,7797 부산시 은평구 2길 
866,89bd04aa-9731-4992-bf87-9dbf5621515d,정현현,남자,1990-3-10,31,9236 인천시 마포구 48길 
867,0f93374f-ccfa-46f7-a9a5-97f941e937c0,최훈건,남자,1986-1-1,35,844 광주시 중랑구 49길 
868,564e03ae-6ef6-4065-aace-1858dcb70ae8,이혁환,여자,1989-4-28,16,7245 광주시 구로구 89길 
869,1826e498-9cd7-4ad8-9695-583812a01236,정재리,남자,1993-2-8,42,102 세종시 강남구 52길 
870,cd1d1bfc-884f-4f19-994d-0cabe99f670a,조지지,여자,1990-2-7,22,7728 서울시 강서구 93길 
871,1573d37b-68c8-4e1c-bf07-fd0f11464e7d,정훈민,남자,2006-10-19,20,7011 세종시 은평구 6길 
872,e5a0c1d7-b13f-4512-afc9-003685535f2d,한도갑,남자,1998-8-30,24,6495 부산시 종로구 19길 
873,62a17168-42aa-457f-8643-957b8bcc2200,임환혁,여자,2003-10-7,34,8085 인천시 중구 98길 
874,96949879-f63e-44ab-bba7-14279e8d7df1,정지건,여자,2007-12-10,23,4709 서울시 구로구 62길 
875,1f2520f4-bf71-4b55-8285-fd8cf9d3acdc,윤원하,남자,1993-1-1,24,5128 부산시 강서구 66길 
876,7575e3e2-cf38-40b9-a71b-d4c089fd9cb4,한우주,남자,1981-6-14,22,5608 광주시 서초구 62길 
877,ae03f8cb-ce7b-43b2-ba1c-52f4b45d9ca1,조민효,남자,2006-7-31,26,3243 대구시 동대문구 39길 
878,c22bdffe-a343-418d-8dbd-b368be0e9678,이현효,여자,1988-8-4,40,9939 인천시 강북구 46길 
879,1ebaa972-c2f6-4489-973d-522b5255fe22,강예우,여자,1988-11-16,24,8646 부산시 성북구 88길 
880,823500a4-ab32-4f2f-acbb-0ce9e7fdb5b8,임연수,남자,2001-11-28,29,1228 부산시 성동구 45길 
881,f6edcc09-2866-4dcd-95dc-cf0c75f2ffc2,한갑효,남자,1991-7-23,23,374 대전시 중랑구 23길 
882,e900c52e-eb59-4310-af58-77e3e08c7dd9,이호민,여자,2003-11-7,24,4660 광주시 동대문구 90길 
883,255c1fc6-32ff-42d9-acb1-e330b75cdce6,박연우,남자,1991-3-29,21,5067 대구시 동대문구 92길 
884,ee239fd9-98d1-4ddf-9083-5dd7cbcb31cd,정지건,남자,1986-1-1,36,4913 부산시 용산구 50길 
885,258bde9f-44d4-4785-9cd1-539a2ee6e158,박준유,여자,2003-3-5,37,2368 서울시 도봉구 65길 
886,5b042bad-4da1-4877-a146-ef923e83dfbf,강후우,남자,1984-1-16,18,2449 울산시 마포구 18길 
887,b9ef2f3c-4f69-49fa-bd73-f5a7acc7a7b3,이갑재,여자,1984-5-25,30,1213 대전시 마포구 11길 
888,592b63cd-b1fa-4389-b9e8-83b7dc942576,정재후,남자,2001-3-15,28,762 세종시 구로구 54길 
889,4feb8696-9997-4358-8cef-dacc63c52fe6,윤유혁,여자,2007-8-29,24,3312 서울시 광진구 17길 
890,e4669302-18b6-4c61-adf1-9717839d6140,박우은,여자,2002-1-14,39,3068 울산시 용산구 6길 
891,845f2dcb-b59e-4f3d-9962-a5b79c9d80eb,임우서,남자,2005-10-29,18,8587 대전시 광진구 31길 
892,1679c329-640b-42a4-b8ac-1e9c01f5aadc,최유현,남자,1985-3-25,31,7369 광주시 강동구 8길 
893,c7390d2f-481a-473d-8ba6-3828de911473,강재시,여자,1989-11-28,33,6060 광주시 금천구 38길 
894,09145843-da98-4335-be3e-281809349512,장은지,남자,2006-4-24,22,7756 세종시 강서구 3길 
895,57b67e00-ba71-455f-bb7d-3e7268f759c5,윤갑민,남자,2008-2-15,15,4911 부산시 송파구 42길 
896,f9aac04c-a79b-4aa6-8a87-42a47c422549,윤승승,여자,2000-6-16,36,759 광주시 송파구 2길 
897,07d0bf59-1402-4e4d-a44e-cbd93315a509,최진환,남자,1993-4-18,22,588 광주시 강동구 76길 
898,0b564299-a4b9-44d3-8abd-31742bfe42f4,강민선,남자,1992-2-12,24,4851 울산시 종로구 58길 
899,fa587285-899b-4928-b454-41a844d2ed9b,임수혁,남자,1992-7-26,20,2552 부산시 금천구 8길 
900,06a22641-52ab-42af-861c-3b2845f40a6f,한리준,여자,2005-12-6,30,3896 서울시 종로구 59길 
901,82df5a2f-17da-4756-ab76-a5dd8a3f27fb,임선갑,여자,1995-12-9,17,8182 세종시 강남구 32길 
902,2eaf543c-14dd-484d-ad3c-9254ab7f2a9b,김예환,남자,1988-12-17,25,9603 대구시 노원구 64길 
903,0d02521a-0f5a-477a-a4a3-91774a8087b0,임준갑,여자,1985-8-12,21,7769 울산시 중랑구 23길 
904,16b4c292-5d06-41fb-a7be-48c2fc76a499,박갑도,여자,1998-2-21,23,4010 세종시 동대문구 8길 
905,087064e2-1c48-4760-a7f6-bd2e0f7934da,이도현,남자,2007-10-5,39,208 세종시 광진구 73길 
906,ed300e4c-a235-4d01-bb8e-abe123611cb3,강재연,여자,1982-2-28,25,7493 인천시 광진구 89길 
907,8fe8ee49-61cf-438f-8d1f-34c767881f57,한승환,여자,2003-2-26,39,9247 대구시 서대문구 86길 
908,fa9c6b24-0fa8-4b5a-94a5-7a9184db7f46,한준효,남자,2009-2-16,43,7878 울산시 성동구 4길 
909,f9567dff-213d-463b-88dd-45a8a879de72,박우후,여자,2002-4-7,38,6700 인천시 노원구 54길 
910,9fe42905-45e6-480a-8f9c-4d5880edf0e5,김혁은,여자,1989-3-6,34,9261 울산시 도봉구 14길 
911,ac8f2a5d-c5e4-420a-9a34-083ab5c9a52e,김민민,여자,1986-1-4,41,1394 서울시 관악구 60길 
912,69588cd1-1aed-4517-b381-4859837ead4b,강리원,남자,2006-4-14,35,9196 인천시 은평구 11길 
913,26174d42-0662-4ec5-bbd3-8057228101ee,한민원,남자,1989-6-14,41,6877 대구시 서초구 32길 
914,c9b779f1-94e5-4c14-8626-85d21f74ff25,김민갑,남자,2004-12-12,38,2261 세종시 도봉구 48길 
915,31b7d2b8-94de-46a7-8791-28c4b880665b,한환진,여자,1993-7-19,18,1864 광주시 용산구 87길 
916,f369ede4-afde-4bcc-88c6-80b2b93a30f3,박준훈,여자,2001-7-13,35,5154 대구시 중구 46길 
917,1f3b44ba-8172-4981-863c-566e01d6e67a,이유원,남자,1984-8-20,14,4327 서울시 노원구 88길 
918,dc4d13de-ab8f-4292-8331-3300b24bfdd2,최건선,여자,1995-10-29,31,6360 울산시 금천구 81길 
919,b276146b-f3ea-41e9-b263-7b8ca3204435,임효혁,남자,1992-5-27,17,737 울산시 마포구 48길 
920,c1c16376-8a95-47a7-8b27-697f8691bb43,한호지,여자,2005-3-28,41,2633 서울시 영등포구 26길 
921,881f1a7b-874a-4b3f-943e-7451c671179f,윤윤준,남자,1981-2-11,29,1934 대구시 노원구 97길 
922,87e7a39f-2008-4b62-a146-260d6805b5c5,한환갑,남자,2004-2-17,33,4466 광주시 강서구 39길 
923,33bffb89-f9e0-4b75-b913-4f52df78ff13,한민재,여자,1990-8-16,22,8355 대전시 노원구 100길 
924,86b06565-306c-44e3-908f-c089fe72632f,김환지,남자,1981-9-17,40,3671 서울시 동대문구 43길 
925,e91b56b2-c455-4787-8ba1-6aa01fe2671a,최윤우,여자,2009-8-21,33,3080 대구시 광진구 52길 
926,ffefc5a4-8685-42c1-9273-6fd92a1404d0,한하민,남자,1993-2-18,17,3142 인천시 종로구 53길 
927,936d8afb-7157-4ada-a27d-6181d7e8c3f0,정원유,여자,1992-2-21,41,2266 울산시 관악구 55길 
928,b58b08a0-7516-467d-8b96-9d595eb5f1c6,이진유,남자,1999-3-17,29,321 울산시 구로구 15길 
929,ba059d36-17d7-4de0-a89a-8a06f45156fb,박지지,여자,1994-12-28,36,7248 대전시 구로구 31길 
930,477c62bd-4cdd-4f5f-8101-bff0013bce47,강연예,여자,1996-8-5,15,8999 서울시 금천구 46길 
931,932f84dc-ee18-4ae6-b650-407d7b8fa2d9,정수예,남자,2002-9-9,42,7267 인천시 노원구 71길 
932,133ab279-cb69-4b60-95ee-f81fb20a0f60,한리주,여자,2001-7-7,34,8700 광주시 동작구 39길 
933,cf1f6152-6edc-405c-946e-5ab0462a6a0b,임은훈,남자,1994-5-17,16,5002 울산시 강남구 48길 
934,ae43e477-0b7c-48e2-ad6c-7d08305ef1e4,조준수,남자,1982-7-18,25,2724 세종시 동대문구 73길 
935,e39ec88c-987c-4b79-8085-b7c46d2635c6,박지준,남자,2004-10-30,18,5609 광주시 강남구 86길 
936,8d1f22c0-49ff-4143-9869-0733990e1d32,조환갑,남자,2003-12-29,33,2785 대전시 동대문구 89길 
937,251df2e6-7024-4125-b7b3-3773a3a3884f,김환연,여자,1991-10-20,39,5497 서울시 강남구 81길 
938,bd5e83ea-2e3b-4305-a114-1f9e53cdccef,이원효,여자,1999-6-25,17,1100 광주시 중구 15길 
939,5a5768e9-d7de-48f3-9021-2fdb8886f223,한민우,여자,1985-10-1,18,1593 울산시 강남구 57길 
940,43ba6c82-04af-4f59-af8b-4d94066c407f,한예진,여자,1999-4-13,35,1804 울산시 광진구 1길 
941,bb7186fd-6603-4ee5-a7a6-86697c717b89,최찬승,남자,1986-12-13,26,7752 대전시 마포구 40길 
942,c9d9f187-2349-44ff-8ac6-880f1162e978,이현갑,여자,1996-4-4,43,7434 울산시 강북구 94길 
943,cfd9ed56-f762-4310-851b-038d2001f650,한서윤,여자,1987-4-10,14,355 서울시 성동구 17길 
944,48202c9c-e884-4c06-82a5-0a90fb5a2987,윤갑현,남자,1986-7-28,28,8964 광주시 서초구 23길 
945,8765fd02-2400-4a51-a732-eca7403b7430,윤준윤,여자,1980-6-4,30,2480 울산시 금천구 64길 
946,a9b75065-d955-442d-a679-b94c80c8f052,최호준,여자,1992-6-25,29,2539 부산시 서대문구 71길 
947,808463a3-f856-4ac3-bfef-f59cdeb15b41,조혁환,여자,2003-5-20,42,1525 인천시 광진구 39길 
948,8d90a81b-57f0-41ae-984a-cd8b6382e2cd,윤후진,여자,1994-7-18,26,7131 광주시 송파구 92길 
949,96c7a0ee-2dfa-4433-805b-76f9cba07b7c,임원후,여자,1987-2-11,37,6230 부산시 서초구 41길 
950,0ca8cea6-b2b5-4a2e-9df5-0a7354c03eca,한효준,여자,1994-9-25,22,6944 세종시 도봉구 29길 
951,21f20aa0-1417-430c-b15e-922304bcd2c2,이민환,남자,1996-11-26,35,337 울산시 영등포구 52길 
952,6d9ccf46-0c3f-48a5-b0cc-ba55af5b3794,윤지연,여자,1993-3-9,35,9214 인천시 서초구 7길 
953,57f8dcdd-bb89-491e-bbd0-2a4d03afb889,강훈준,남자,1984-6-5,33,4029 광주시 은평구 90길 
954,9650bb4b-abe1-4928-bb2a-f054da6f5203,이재서,여자,1986-9-14,15,4490 인천시 종로구 40길 
955,fb737cdc-7554-4ddd-8662-44e3a349ca69,김건진,여자,1985-8-15,24,1889 광주시 송파구 97길 
956,a71ce53c-faca-4aac-b849-f8fa053a9ed4,강수갑,남자,1983-2-3,40,9428 울산시 도봉구 18길 
957,fb9d02b8-b76a-449d-a0e4-6b5ead75be4c,강재유,여자,1993-6-15,21,9342 서울시 성동구 73길 
958,6f1359ee-12d7-42e4-b766-f4430f61bfd5,김하주,남자,1999-2-14,18,3851 인천시 중구 3길 
959,636c826e-2dd6-400e-8959-8824a3749341,이진효,남자,2003-8-3,27,4099 인천시 광진구 66길 
960,a506bc8f-f459-43a3-bccc-e51b7734ed58,박윤진,여자,1982-5-29,35,9725 세종시 강남구 16길 
961,8cf9eea6-825a-4274-9b9e-0a7b3eef2cdd,장환진,남자,1989-12-12,25,5614 인천시 중랑구 80길 
962,742762f7-b5ff-463b-8957-e78381c3ad22,장선현,여자,2007-4-22,21,2663 부산시 강서구 85길 
963,1a5a5f4c-ac1d-4368-a893-88da82c7b0ff,최원예,여자,1992-6-6,23,3515 대전시 광진구 36길 
964,87b002e7-622a-46b5-b27f-7f27e77b49e9,강민준,여자,1991-5-8,34,7898 울산시 양천구 1길 
965,bcf8ff03-6724-4ce8-b72d-91ed2ba74030,박호건,여자,1999-8-10,25,8197 울산시 서초구 72길 
966,ccbb8589-f18b-494d-a72d-f129c886a8b5,최진연,남자,1980-1-13,35,4151 광주시 노원구 77길 
967,78b8ba53-710e-411e-ade9-85e3ab010194,장건윤,여자,1986-10-26,30,6895 대전시 성동구 92길 
968,daeb581b-32e0-4816-bf7d-f4ecf8a15e71,김승호,여자,1991-10-17,31,876 울산시 서초구 61길 
969,b4266fd8-155c-423c-a505-2a1fc23abead,이민주,여자,2009-1-10,39,7971 광주시 동대문구 16길 
970,16e9238d-cee4-4f89-a631-e94180760959,김선도,여자,1983-6-12,43,181 인천시 동대문구 93길 
971,c4c8f2b2-7221-4d35-9c53-157cc86e365f,이진현,여자,2009-9-2,16,6588 울산시 성북구 13길 
972,2e0be4b2-46f1-4cd0-b75a-d051e7e5c2e7,이환호,남자,2006-3-18,35,9635 광주시 강북구 10길 
973,3cf90de7-0ba1-4bda-ace1-c3beb4d84fcc,김승환,남자,2000-9-10,42,9554 울산시 구로구 99길 
974,e6f380a1-f92c-4452-8614-d08abbbcf9e9,한은건,여자,2002-4-25,39,6587 대전시 성동구 17길 
975,6a93eddb-e1fb-4cda-938a-8d2b7e79fe79,강환현,여자,1998-1-10,21,5156 대전시 구로구 24길 
976,41062791-e330-4a12-8b67-800455dde85f,한윤찬,남자,1995-7-6,33,3858 서울시 강북구 80길 
977,07dab400-f4a8-4bb3-8863-0c0d297e745d,강리서,남자,1989-2-28,41,7198 광주시 광진구 94길 
978,1311f5a3-29a4-4a9a-9dbd-3bcaeb51bb93,장건준,여자,1982-11-8,42,6447 인천시 중랑구 57길 
979,779e5389-7860-4022-9483-7bde2ec0fc3b,조진민,남자,1992-8-5,34,7383 세종시 마포구 51길 
980,250a4386-229f-4ee4-b236-6020ccf43e73,김우진,여자,1999-11-29,27,5932 부산시 성북구 39길 
981,9550ebe3-d0c1-4ba3-9647-3ee14fa752f9,한호준,여자,1998-10-3,17,1838 부산시 용산구 31길 
982,c220325c-f4ce-4db2-9f3c-a322fe969bb3,정원도,여자,2001-2-10,19,4573 대전시 서초구 6길 
983,26e45cb0-d781-4e50-8030-908e7bb1a871,윤건환,남자,1994-1-7,19,324 부산시 서초구 7길 
984,b210adca-77c4-4ca4-9e0c-3629358f2646,이유찬,남자,1992-4-7,31,4480 울산시 동작구 61길 
985,3e72ffc7-832a-491a-a10b-7549d238e931,이환현,여자,1994-2-24,27,343 대구시 은평구 80길 
986,606274d6-6dae-4864-b7bb-27975fc1167d,김호지,남자,1983-12-10,14,3861 부산시 중구 89길 
987,43f44680-eeb3-495c-a034-7c1e0fb6823d,이재후,여자,1985-12-23,37,4421 부산시 마포구 30길 
988,88313683-7f9a-486c-920a-c0fdc21c19f5,임훈유,남자,2001-9-30,21,55 대전시 중구 84길 
989,cad20d51-1dc5-4300-a619-9f56fc68821d,김준시,남자,1984-5-13,38,5720 인천시 강서구 12길 
990,fd23e7d7-f91c-4e3f-8116-dc40ae7f7b29,박선지,남자,1987-7-20,26,8446 대전시 노원구 63길 
991,1fc7b5f5-edb9-4d04-9d42-0c910fa263a1,조환호,여자,1997-3-1,23,4803 울산시 광진구 67길 
992,138e11ea-c22c-4f37-854a-85954716e2e0,최지은,여자,1998-12-1,41,4036 세종시 강북구 78길 
993,dd56f7cc-d230-47e6-bab7-401f460bf979,김리환,여자,1980-5-27,20,6871 부산시 강북구 37길 
994,d78a9414-25ef-4b42-9529-4d2be1429eb6,최연예,여자,2001-1-26,22,1965 울산시 서대문구 16길 
995,8c53e9f7-72d7-477a-82b3-ae8dfe03f07d,장진효,남자,1993-6-22,26,3521 서울시 중랑구 52길 
996,e365a791-1e88-45e3-85a8-9b57614112ce,한연리,여자,1981-10-12,28,3876 부산시 강서구 6길 
997,d489ddd9-39e8-430e-abe4-518046e97c23,최연민,여자,1989-12-27,32,568 부산시 도봉구 37길 
998,0401d057-bec8-477b-be4d-3bda8190ae29,장도진,남자,2002-9-20,40,6884 세종시 강서구 76길 
999,9357dbad-9eb3-4f5d-b4ec-1255d2268f9d,임호하,여자,1982-8-19,37,6466 대전시 성동구 33길 
1000,94410fd4-3772-4086-a4a7-e0b707a2e4ef,박유혁,여자,2002-10-5,33,6415 부산시 광진구 24길 